,file_name,label
0,491_238_B.tif,B
1,1475_705_S.tif,S
2,181_84_B.tif,B
3,2137_1007_B.tif,B
4,2188_1031_B.tif,B
5,1678_800_S.tif,S
6,1017_476_S.tif,S
7,2346_1113_S.tif,S
8,944_448_B.tif,B
9,1394_663_S.tif,S
10,974_462_B.tif,B
11,1320_623_S.tif,S
12,1959_927_B.tif,B
13,902_426_B.tif,B
14,2503_1199_B.tif,B
15,2410_1147_B.tif,B
16,740_344_S.tif,S
17,2371_1128_B.tif,B
18,1815_867_S.tif,S
19,648_304_B.tif,B
20,1327_626_S.tif,S
21,824_382_S.tif,S
22,75_36_B.tif,B
23,2100_991_B.tif,B
24,794_370_B.tif,B
25,496_243_S.tif,S
26,792_369_S.tif,S
27,1734_823_S.tif,S
28,2221_1049_S.tif,S
29,464_228_S.tif,S
30,830_384_B.tif,B
31,2030_956_S.tif,S
32,83_42_B.tif,B
33,1164_549_B.tif,B
34,1457_695_S.tif,S
35,2392_1137_S.tif,S
36,1716_816_S.tif,S
37,1599_766_S.tif,S
38,1786_847_B.tif,B
39,45_21_S.tif,S
40,2193_1036_B.tif,B
41,1755_833_S.tif,S
42,370_182_B.tif,B
43,1004_473_S.tif,S
44,1053_490_B.tif,B
45,2593_1245_S.tif,S
46,1076_505_B.tif,B
47,2212_1046_B.tif,B
48,2396_1138_B.tif,B
49,1406_669_B.tif,B
50,1691_805_B.tif,B
51,2014_947_B.tif,B
52,1398_664_B.tif,B
53,1169_552_B.tif,B
54,1436_685_S.tif,S
55,1963_928_S.tif,S
56,1699_810_B.tif,B
57,1146_541_B.tif,B
58,1161_547_B.tif,B
59,296_139_S.tif,S
60,1132_533_B.tif,B
61,1856_884_B.tif,B
62,610_292_S.tif,S
63,1892_899_S.tif,S
64,1575_756_S.tif,S
65,2097_990_B.tif,B
66,2366_1126_S.tif,S
67,36_16_S.tif,S
68,117_57_B.tif,B
69,409_202_B.tif,B
70,1506_721_S.tif,S
71,455_223_B.tif,B
72,1705_813_S.tif,S
73,1213_571_B.tif,B
74,2147_1012_B.tif,B
75,1676_799_S.tif,S
76,2336_1106_S.tif,S
77,1952_925_S.tif,S
78,2237_1055_S.tif,S
79,1883_897_S.tif,S
80,391_194_B.tif,B
81,376_184_B.tif,B
82,1977_931_S.tif,S
83,873_410_B.tif,B
84,68_32_B.tif,B
85,2421_1154_B.tif,B
86,63_29_B.tif,B
87,2343_1111_B.tif,B
88,335_161_B.tif,B
89,893_421_B.tif,B
90,1492_713_B.tif,B
91,1499_717_B.tif,B
92,186_87_S.tif,S
93,187_87_S.tif,S
94,2112_997_B.tif,B
95,1383_656_S.tif,S
96,1524_730_S.tif,S
97,1085_513_S.tif,S
98,1850_882_B.tif,B
99,1197_562_S.tif,S
100,2569_1239_S.tif,S
101,93_47_S.tif,S
102,2430_1156_B.tif,B
103,1645_786_S.tif,S
104,1110_522_B.tif,B
105,807_374_S.tif,S
106,2384_1134_B.tif,B
107,1622_774_S.tif,S
108,214_96_B.tif,B
109,2001_942_S.tif,S
110,1927_911_S.tif,S
111,2322_1100_S.tif,S
112,1638_783_S.tif,S
113,131_64_B.tif,B
114,1153_544_S.tif,S
115,769_357_B.tif,B
116,1077_506_B.tif,B
117,253_121_S.tif,S
118,453_223_S.tif,S
119,274_127_S.tif,S
120,1183_559_B.tif,B
121,1767_836_S.tif,S
122,1746_829_B.tif,B
123,1061_495_B.tif,B
124,894_422_S.tif,S
125,2457_1170_S.tif,S
126,2101_992_B.tif,B
127,332_159_B.tif,B
128,217_99_B.tif,B
129,1608_769_S.tif,S
130,1033_483_B.tif,B
131,55_24_B.tif,B
132,399_198_B.tif,B
133,1567_750_S.tif,S
134,2535_1216_S.tif,S
135,959_458_S.tif,S
136,2059_971_B.tif,B
137,267_124_B.tif,B
138,233_110_B.tif,B
139,511_249_B.tif,B
140,567_273_S.tif,S
141,605_291_S.tif,S
142,1375_651_S.tif,S
143,1096_516_S.tif,S
144,984_465_S.tif,S
145,2194_1037_S.tif,S
146,89_46_S.tif,S
147,1642_785_B.tif,B
148,88_46_S.tif,S
149,2121_1002_B.tif,B
150,929_440_B.tif,B
151,2148_1013_B.tif,B
152,110_54_S.tif,S
153,19_8_S.tif,S
154,1082_510_B.tif,B
155,914_432_S.tif,S
156,1934_914_S.tif,S
157,1292_609_S.tif,S
158,1500_718_S.tif,S
159,1818_867_S.tif,S
160,1215_573_S.tif,S
161,2307_1089_B.tif,B
162,1428_680_S.tif,S
163,2460_1172_S.tif,S
164,966_460_S.tif,S
165,1038_485_B.tif,B
166,950_453_B.tif,B
167,544_263_S.tif,S
168,1548_741_S.tif,S
169,1606_767_B.tif,B
170,1241_581_B.tif,B
171,1627_778_S.tif,S
172,1356_641_S.tif,S
173,724_339_S.tif,S
174,839_390_B.tif,B
175,558_270_B.tif,B
176,1573_754_B.tif,B
177,2123_1003_B.tif,B
178,2077_981_S.tif,S
179,831_385_B.tif,B
180,550_265_B.tif,B
181,638_301_B.tif,B
182,458_225_S.tif,S
183,945_449_B.tif,B
184,656_307_S.tif,S
185,2241_1057_B.tif,B
186,1133_534_S.tif,S
187,354_173_B.tif,B
188,2411_1148_B.tif,B
189,403_201_S.tif,S
190,2370_1127_B.tif,B
191,634_300_B.tif,B
192,2162_1021_B.tif,B
193,995_469_S.tif,S
194,1848_881_B.tif,B
195,622_295_S.tif,S
196,1298_611_B.tif,B
197,58_27_S.tif,S
198,2006_943_B.tif,B
199,517_252_S.tif,S
200,1262_593_B.tif,B
201,1025_477_B.tif,B
202,59_27_S.tif,S
203,317_150_S.tif,S
204,1340_634_B.tif,B
205,1108_521_B.tif,B
206,1544_740_S.tif,S
207,1230_578_B.tif,B
208,2526_1213_B.tif,B
209,1947_922_B.tif,B
210,686_321_S.tif,S
211,1822_868_B.tif,B
212,961_458_S.tif,S
213,2271_1072_S.tif,S
214,2168_1024_B.tif,B
215,427_210_B.tif,B
216,524_254_S.tif,S
217,548_264_B.tif,B
218,2293_1082_S.tif,S
219,728_340_S.tif,S
220,2029_956_S.tif,S
221,765_354_B.tif,B
222,2268_1070_B.tif,B
223,1758_833_S.tif,S
224,1212_570_B.tif,B
225,1594_766_S.tif,S
226,2301_1085_S.tif,S
227,1866_888_B.tif,B
228,844_393_S.tif,S
229,2291_1081_S.tif,S
230,2429_1156_S.tif,S
231,625_296_B.tif,B
232,1379_654_B.tif,B
233,2585_1242_S.tif,S
234,2557_1229_S.tif,S
235,388_192_S.tif,S
236,2356_1118_B.tif,B
237,1160_546_B.tif,B
238,247_118_B.tif,B
239,1399_665_B.tif,B
240,1981_932_B.tif,B
241,2509_1203_B.tif,B
242,979_464_S.tif,S
243,2182_1029_S.tif,S
244,539_260_B.tif,B
245,2482_1184_B.tif,B
246,1111_523_B.tif,B
247,259_122_B.tif,B
248,1364_644_S.tif,S
249,405_201_B.tif,B
250,1135_534_B.tif,B
251,1851_883_B.tif,B
252,2532_1215_B.tif,B
253,2043_960_B.tif,B
254,359_177_S.tif,S
255,835_388_B.tif,B
256,919_434_B.tif,B
257,1393_662_B.tif,B
258,2024_954_S.tif,S
259,779_363_S.tif,S
260,446_222_S.tif,S
261,1812_866_B.tif,B
262,1023_477_S.tif,S
263,1090_514_B.tif,B
264,1655_789_S.tif,S
265,1189_561_B.tif,B
266,2381_1132_B.tif,B
267,487_237_S.tif,S
268,235_112_S.tif,S
269,1920_909_B.tif,B
270,624_295_B.tif,B
271,928_439_B.tif,B
272,2529_1214_S.tif,S
273,2119_1001_B.tif,B
274,1905_902_S.tif,S
275,667_313_S.tif,S
276,1733_822_B.tif,B
277,49_22_B.tif,B
278,1294_609_B.tif,B
279,2577_1240_S.tif,S
280,1911_904_B.tif,B
281,1272_598_S.tif,S
282,1551_743_S.tif,S
283,175_83_S.tif,S
284,1318_623_S.tif,S
285,1648_786_S.tif,S
286,586_283_S.tif,S
287,334_160_B.tif,B
288,1498_716_B.tif,B
289,1139_535_B.tif,B
290,643_302_B.tif,B
291,1054_491_S.tif,S
292,1299_612_B.tif,B
293,1120_528_S.tif,S
294,2050_965_B.tif,B
295,1519_727_S.tif,S
296,416_204_B.tif,B
297,2341_1109_B.tif,B
298,160_77_S.tif,S
299,2214_1048_S.tif,S
300,2058_970_B.tif,B
301,161_77_S.tif,S
302,2390_1136_S.tif,S
303,2470_1180_S.tif,S
304,195_89_S.tif,S
305,1493_714_S.tif,S
306,1083_511_B.tif,B
307,2203_1040_S.tif,S
308,2304_1087_B.tif,B
309,501_246_B.tif,B
310,1302_614_S.tif,S
311,678_317_S.tif,S
312,884_416_B.tif,B
313,1060_494_B.tif,B
314,617_293_B.tif,B
315,2135_1006_B.tif,B
316,179_84_S.tif,S
317,1182_558_B.tif,B
318,222_103_S.tif,S
319,178_84_S.tif,S
320,783_365_S.tif,S
321,1941_919_B.tif,B
322,875_412_S.tif,S
323,608_291_S.tif,S
324,2251_1063_S.tif,S
325,2451_1167_B.tif,B
326,154_75_S.tif,S
327,660_310_B.tif,B
328,1836_877_S.tif,S
329,1152_543_B.tif,B
330,2582_1241_S.tif,S
331,1643_786_S.tif,S
332,635_301_S.tif,S
333,994_468_B.tif,B
334,1842_879_S.tif,S
335,180_84_S.tif,S
336,402_200_B.tif,B
337,2325_1101_S.tif,S
338,441_218_B.tif,B
339,1727_820_S.tif,S
340,2044_961_B.tif,B
341,1191_562_S.tif,S
342,2174_1026_S.tif,S
343,1996_940_S.tif,S
344,572_276_S.tif,S
345,1231_579_S.tif,S
346,1341_635_S.tif,S
347,2107_994_S.tif,S
348,1781_844_B.tif,B
349,1682_800_S.tif,S
350,1171_553_S.tif,S
351,2274_1072_S.tif,S
352,1268_596_S.tif,S
353,468_229_B.tif,B
354,1955_926_S.tif,S
355,694_325_B.tif,B
356,2126_1005_S.tif,S
357,812_377_B.tif,B
358,1658_790_B.tif,B
359,16_7_B.tif,B
360,1709_814_S.tif,S
361,1214_572_B.tif,B
362,1378_653_B.tif,B
363,1862_887_S.tif,S
364,361_177_B.tif,B
365,1203_565_S.tif,S
366,2017_950_B.tif,B
367,2076_980_B.tif,B
368,82_42_S.tif,S
369,39_18_S.tif,S
370,2472_1181_B.tif,B
371,15_6_B.tif,B
372,1766_835_B.tif,B
373,2426_1155_B.tif,B
374,1918_909_S.tif,S
375,2316_1096_B.tif,B
376,772_358_B.tif,B
377,559_271_S.tif,S
378,293_137_B.tif,B
379,1236_581_S.tif,S
380,817_379_B.tif,B
381,644_303_B.tif,B
382,951_454_B.tif,B
383,2145_1011_S.tif,S
384,2000_941_B.tif,B
385,2334_1105_B.tif,B
386,1720_818_S.tif,S
387,1466_700_B.tif,B
388,1867_889_S.tif,S
389,461_226_B.tif,B
390,650_305_S.tif,S
391,1010_475_S.tif,S
392,1579_757_B.tif,B
393,1270_597_S.tif,S
394,381_186_B.tif,B
395,1932_914_S.tif,S
396,973_461_B.tif,B
397,1660_792_B.tif,B
398,2515_1207_B.tif,B
399,1382_655_B.tif,B
400,701_329_S.tif,S
401,2530_1214_S.tif,S
402,2419_1153_B.tif,B
403,1969_930_S.tif,S
404,37_16_B.tif,B
405,355_174_B.tif,B
406,101_51_S.tif,S
407,116_57_S.tif,S
408,1337_632_B.tif,B
409,991_466_B.tif,B
410,1521_727_B.tif,B
411,2413_1150_S.tif,S
412,1823_869_S.tif,S
413,255_121_S.tif,S
414,736_343_S.tif,S
415,1825_870_B.tif,B
416,272_127_S.tif,S
417,209_94_B.tif,B
418,1635_781_B.tif,B
419,2007_944_B.tif,B
420,1263_594_B.tif,B
421,2547_1224_B.tif,B
422,1770_838_S.tif,S
423,549_265_S.tif,S
424,1412_670_S.tif,S
425,2521_1209_B.tif,B
426,2284_1075_B.tif,B
427,1419_674_S.tif,S
428,2379_1131_B.tif,B
429,822_382_S.tif,S
430,148_73_B.tif,B
431,1601_766_B.tif,B
432,2406_1144_B.tif,B
433,882_414_B.tif,B
434,193_88_S.tif,S
435,1574_755_B.tif,B
436,1336_631_B.tif,B
437,2180_1028_B.tif,B
438,940_445_S.tif,S
439,1284_606_S.tif,S
440,672_314_S.tif,S
441,998_470_B.tif,B
442,1550_742_B.tif,B
443,1252_586_S.tif,S
444,1820_867_B.tif,B
445,574_276_B.tif,B
446,358_176_B.tif,B
447,1207_568_S.tif,S
448,2092_987_S.tif,S
449,1828_872_B.tif,B
450,2219_1048_B.tif,B
451,1844_879_B.tif,B
452,1473_705_S.tif,S
453,2376_1129_B.tif,B
454,1147_542_S.tif,S
455,486_236_B.tif,B
456,931_441_S.tif,S
457,1813_867_S.tif,S
458,1091_515_S.tif,S
459,2539_1219_B.tif,B
460,1908_902_B.tif,B
461,778_362_B.tif,B
462,460_225_B.tif,B
463,145_72_S.tif,S
464,2477_1183_S.tif,S
465,712_335_S.tif,S
466,2160_1020_S.tif,S
467,228_106_B.tif,B
468,1283_605_B.tif,B
469,580_281_S.tif,S
470,885_417_S.tif,S
471,2500_1197_S.tif,S
472,1885_897_S.tif,S
473,695_326_B.tif,B
474,1651_786_B.tif,B
475,1027_478_B.tif,B
476,1158_546_S.tif,S
477,661_311_S.tif,S
478,1326_625_B.tif,B
479,2363_1124_S.tif,S
480,715_336_B.tif,B
481,417_205_S.tif,S
482,2081_982_S.tif,S
483,165_79_S.tif,S
484,140_67_B.tif,B
485,878_412_B.tif,B
486,2551_1227_S.tif,S
487,799_372_S.tif,S
488,164_79_S.tif,S
489,2305_1088_S.tif,S
490,2349_1114_S.tif,S
491,2462_1173_B.tif,B
492,756_350_S.tif,S
493,191_87_S.tif,S
494,173_82_S.tif,S
495,2548_1225_B.tif,B
496,190_87_S.tif,S
497,633_299_B.tif,B
498,2045_962_B.tif,B
499,30_15_S.tif,S
500,111_54_B.tif,B
501,1089_514_S.tif,S
502,1965_928_S.tif,S
503,31_15_S.tif,S
504,42_20_S.tif,S
505,1059_493_B.tif,B
506,1659_791_B.tif,B
507,1970_930_S.tif,S
508,280_129_B.tif,B
509,645_304_S.tif,S
510,43_20_S.tif,S
511,874_411_B.tif,B
512,434_215_S.tif,S
513,920_435_S.tif,S
514,795_371_S.tif,S
515,1903_902_S.tif,S
516,260_123_S.tif,S
517,2537_1217_B.tif,B
518,532_259_S.tif,S
519,2404_1143_S.tif,S
520,2288_1078_B.tif,B
521,1371_647_B.tif,B
522,2086_985_S.tif,S
523,2567_1237_B.tif,B
524,292_136_B.tif,B
525,1587_763_B.tif,B
526,773_359_B.tif,B
527,1938_917_B.tif,B
528,385_189_B.tif,B
529,975_463_S.tif,S
530,276_128_S.tif,S
531,369_182_S.tif,S
532,2350_1114_B.tif,B
533,887_418_B.tif,B
534,1127_532_S.tif,S
535,649_305_S.tif,S
536,2051_966_S.tif,S
537,1034_484_S.tif,S
538,1246_584_S.tif,S
539,390_193_B.tif,B
540,903_427_S.tif,S
541,2432_1157_S.tif,S
542,785_365_S.tif,S
543,1369_646_B.tif,B
544,2386_1135_S.tif,S
545,948_452_S.tif,S
546,1103_518_S.tif,S
547,1430_681_B.tif,B
548,1710_814_S.tif,S
549,1857_885_S.tif,S
550,1275_600_B.tif,B
551,829_384_S.tif,S
552,1634_780_B.tif,B
553,906_429_S.tif,S
554,1443_688_S.tif,S
555,1219_574_S.tif,S
556,1704_812_B.tif,B
557,593_286_S.tif,S
558,2361_1123_B.tif,B
559,1467_701_B.tif,B
560,2153_1016_S.tif,S
561,2423_1155_S.tif,S
562,2570_1239_S.tif,S
563,234_111_B.tif,B
564,1708_813_B.tif,B
565,816_378_B.tif,B
566,602_290_S.tif,S
567,371_183_S.tif,S
568,1449_690_B.tif,B
569,2303_1086_B.tif,B
570,850_395_S.tif,S
571,706_331_B.tif,B
572,84_43_B.tif,B
573,1661_793_B.tif,B
574,788_367_S.tif,S
575,1829_873_B.tif,B
576,422_207_S.tif,S
577,707_332_B.tif,B
578,575_277_B.tif,B
579,554_268_S.tif,S
580,508_249_S.tif,S
581,97_49_S.tif,S
582,1227_576_B.tif,B
583,1084_512_B.tif,B
584,2235_1054_B.tif,B
585,1788_849_B.tif,B
586,1909_903_B.tif,B
587,542_263_S.tif,S
588,534_259_B.tif,B
589,2591_1244_B.tif,B
590,2039_960_S.tif,S
591,1738_826_S.tif,S
592,1185_560_S.tif,S
593,163_78_B.tif,B
594,377_185_S.tif,S
595,1872_891_S.tif,S
596,1116_526_S.tif,S
597,1368_645_B.tif,B
598,999_471_B.tif,B
599,2281_1073_B.tif,B
600,2060_972_S.tif,S
601,1431_682_B.tif,B
602,883_415_B.tif,B
603,2469_1179_B.tif,B
604,1761_834_S.tif,S
605,504_248_S.tif,S
606,1088_513_B.tif,B
607,1895_900_S.tif,S
608,325_155_B.tif,B
609,722_339_S.tif,S
610,1611_769_B.tif,B
611,2439_1162_S.tif,S
612,2403_1142_B.tif,B
613,1374_650_B.tif,B
614,937_443_B.tif,B
615,1752_832_S.tif,S
616,879_413_B.tif,B
617,1487_712_S.tif,S
618,604_290_B.tif,B
619,1849_882_S.tif,S
620,480_234_S.tif,S
621,1801_858_B.tif,B
622,342_167_B.tif,B
623,1888_897_S.tif,S
624,2124_1004_S.tif,S
625,1109_522_S.tif,S
626,363_178_S.tif,S
627,1256_589_S.tif,S
628,2013_946_B.tif,B
629,18_8_S.tif,S
630,1043_486_S.tif,S
631,1313_621_S.tif,S
632,2224_1050_S.tif,S
633,2344_1112_B.tif,B
634,1105_518_B.tif,B
635,522_254_S.tif,S
636,1479_706_B.tif,B
637,1875_892_B.tif,B
638,2465_1176_B.tif,B
639,2580_1240_S.tif,S
640,452_222_B.tif,B
641,229_107_B.tif,B
642,551_266_S.tif,S
643,639_302_S.tif,S
644,1445_688_B.tif,B
645,1531_731_B.tif,B
646,1039_486_S.tif,S
647,1264_595_S.tif,S
648,52_23_S.tif,S
649,204_91_B.tif,B
650,2373_1129_S.tif,S
651,989_465_B.tif,B
652,136_65_B.tif,B
653,53_23_S.tif,S
654,155_75_B.tif,B
655,312_147_B.tif,B
656,64_30_S.tif,S
657,1721_818_B.tif,B
658,2247_1061_B.tif,B
659,65_30_S.tif,S
660,144_71_B.tif,B
661,2204_1040_B.tif,B
662,1598_766_S.tif,S
663,127_61_B.tif,B
664,232_109_B.tif,B
665,1754_833_S.tif,S
666,1005_473_S.tif,S
667,2130_1005_S.tif,S
668,1045_487_S.tif,S
669,307_145_S.tif,S
670,1304_615_B.tif,B
671,2524_1211_B.tif,B
672,297_139_S.tif,S
673,380_186_S.tif,S
674,1271_597_B.tif,B
675,1495_715_B.tif,B
676,2498_1196_B.tif,B
677,972_461_S.tif,S
678,2230_1051_S.tif,S
679,651_305_B.tif,B
680,1578_757_S.tif,S
681,1962_928_S.tif,S
682,2267_1069_B.tif,B
683,1507_721_S.tif,S
684,1068_499_B.tif,B
685,1520_727_S.tif,S
686,576_278_B.tif,B
687,2374_1129_S.tif,S
688,611_292_S.tif,S
689,990_466_S.tif,S
690,1119_528_S.tif,S
691,1616_772_B.tif,B
692,1882_897_S.tif,S
693,1070_500_B.tif,B
694,1771_838_B.tif,B
695,2132_1006_S.tif,S
696,2308_1090_B.tif,B
697,2578_1240_S.tif,S
698,1679_800_S.tif,S
699,1016_476_S.tif,S
700,1395_663_S.tif,S
701,440_218_S.tif,S
702,1421_675_B.tif,B
703,1384_656_B.tif,B
704,1474_705_S.tif,S
705,172_81_B.tif,B
706,2256_1065_S.tif,S
707,741_344_S.tif,S
708,1688_804_B.tif,B
709,1269_596_B.tif,B
710,1814_867_S.tif,S
711,1780_844_S.tif,S
712,1653_788_B.tif,B
713,1009_474_B.tif,B
714,1683_800_B.tif,B
715,2512_1205_B.tif,B
716,1154_544_B.tif,B
717,286_131_B.tif,B
718,360_177_S.tif,S
719,1863_887_B.tif,B
720,1177_556_B.tif,B
721,410_203_B.tif,B
722,825_382_S.tif,S
723,2331_1104_B.tif,B
724,1456_695_S.tif,S
725,323_154_B.tif,B
726,339_165_S.tif,S
727,1717_816_S.tif,S
728,1807_864_B.tif,B
729,2352_1116_S.tif,S
730,1402_667_B.tif,B
731,1274_599_B.tif,B
732,2096_989_B.tif,B
733,5_2_B.tif,B
734,1542_739_B.tif,B
735,1968_929_B.tif,B
736,895_422_S.tif,S
737,2176_1026_B.tif,B
738,252_121_S.tif,S
739,120_59_B.tif,B
740,1282_605_S.tif,S
741,2327_1101_B.tif,B
742,94_47_B.tif,B
743,1609_769_S.tif,S
744,212_96_S.tif,S
745,287_132_B.tif,B
746,1176_555_B.tif,B
747,213_96_S.tif,S
748,2276_1072_B.tif,B
749,1566_750_S.tif,S
750,595_287_S.tif,S
751,74_35_B.tif,B
752,1650_786_S.tif,S
753,1026_478_S.tif,S
754,1372_648_B.tif,B
755,566_273_S.tif,S
756,239_114_B.tif,B
757,1097_516_S.tif,S
758,985_465_S.tif,S
759,842_392_B.tif,B
760,958_458_S.tif,S
761,2389_1135_B.tif,B
762,714_336_S.tif,S
763,1350_638_B.tif,B
764,2116_999_B.tif,B
765,471_231_S.tif,S
766,1220_574_B.tif,B
767,2424_1155_S.tif,S
768,751_349_S.tif,S
769,632_299_S.tif,S
770,1698_809_B.tif,B
771,757_350_B.tif,B
772,659_309_B.tif,B
773,1600_766_S.tif,S
774,1831_875_B.tif,B
775,1976_931_S.tif,S
776,2355_1117_B.tif,B
777,1413_670_B.tif,B
778,1253_586_B.tif,B
779,383_188_B.tif,B
780,941_445_B.tif,B
781,2440_1162_S.tif,S
782,673_314_B.tif,B
783,1987_935_B.tif,B
784,2139_1008_B.tif,B
785,2209_1044_S.tif,S
786,1529_731_S.tif,S
787,1163_549_S.tif,S
788,1644_786_S.tif,S
789,1890_897_B.tif,B
790,2490_1189_B.tif,B
791,1289_607_B.tif,B
792,806_374_S.tif,S
793,2093_987_B.tif,B
794,2158_1019_S.tif,S
795,2287_1078_S.tif,S
796,1742_827_B.tif,B
797,912_431_B.tif,B
798,1525_730_S.tif,S
799,96_48_B.tif,B
800,1523_729_B.tif,B
801,476_232_B.tif,B
802,1196_562_S.tif,S
803,2545_1224_S.tif,S
804,713_335_B.tif,B
805,2601_1249_B.tif,B
806,763_353_B.tif,B
807,1926_911_S.tif,S
808,469_230_S.tif,S
809,1711_814_B.tif,B
810,949_452_B.tif,B
811,100_50_B.tif,B
812,960_458_S.tif,S
813,1879_896_B.tif,B
814,2191_1034_B.tif,B
815,48_21_B.tif,B
816,1595_766_S.tif,S
817,2210_1044_B.tif,B
818,2055_968_B.tif,B
819,775_361_S.tif,S
820,2028_956_S.tif,S
821,729_340_S.tif,S
822,1071_501_B.tif,B
823,77_38_B.tif,B
824,1685_802_S.tif,S
825,2575_1240_S.tif,S
826,982_464_B.tif,B
827,561_272_B.tif,B
828,2489_1189_S.tif,S
829,845_393_S.tif,S
830,411_204_S.tif,S
831,329_157_S.tif,S
832,2035_959_S.tif,S
833,1494_714_B.tif,B
834,978_464_S.tif,S
835,2067_974_B.tif,B
836,2442_1163_S.tif,S
837,851_395_B.tif,B
838,2216_1048_S.tif,S
839,1370_647_S.tif,S
840,1293_609_S.tif,S
841,121_60_S.tif,S
842,1592_765_B.tif,B
843,2506_1201_B.tif,B
844,1501_718_S.tif,S
845,1819_867_S.tif,S
846,435_215_B.tif,B
847,921_435_B.tif,B
848,1838_878_B.tif,B
849,137_66_S.tif,S
850,1295_610_B.tif,B
851,1058_493_S.tif,S
852,1702_811_B.tif,B
853,2497_1195_B.tif,B
854,1971_930_B.tif,B
855,967_460_S.tif,S
856,118_58_S.tif,S
857,243_116_B.tif,B
858,2201_1040_S.tif,S
859,731_341_S.tif,S
860,384_189_S.tif,S
861,2478_1183_B.tif,B
862,459_225_S.tif,S
863,1586_763_S.tif,S
864,333_160_S.tif,S
865,2448_1166_S.tif,S
866,2519_1209_S.tif,S
867,225_105_S.tif,S
868,2296_1083_B.tif,B
869,1420_674_B.tif,B
870,849_394_B.tif,B
871,1155_545_B.tif,B
872,1789_850_S.tif,S
873,1545_740_S.tif,S
874,623_295_S.tif,S
875,1481_708_S.tif,S
876,1624_775_B.tif,B
877,516_252_S.tif,S
878,316_150_S.tif,S
879,208_93_B.tif,B
880,2383_1134_S.tif,S
881,1539_738_B.tif,B
882,1518_727_S.tif,S
883,149_74_B.tif,B
884,1002_472_B.tif,B
885,1373_649_B.tif,B
886,481_234_B.tif,B
887,60_27_B.tif,B
888,438_217_B.tif,B
889,936_443_S.tif,S
890,1625_776_B.tif,B
891,1753_832_B.tif,B
892,2142_1011_S.tif,S
893,679_317_S.tif,S
894,658_308_B.tif,B
895,107_53_S.tif,S
896,2594_1245_B.tif,B
897,1257_589_B.tif,B
898,106_53_S.tif,S
899,2261_1067_S.tif,S
900,2012_946_S.tif,S
901,2492_1191_B.tif,B
902,1874_892_S.tif,S
903,1478_706_S.tif,S
904,782_365_S.tif,S
905,242_115_B.tif,B
906,1104_518_S.tif,S
907,4_2_S.tif,S
908,14_5_B.tif,B
909,2596_1246_B.tif,B
910,1179_558_S.tif,S
911,216_98_B.tif,B
912,2510_1204_B.tif,B
913,988_465_S.tif,S
914,7_3_S.tif,S
915,1444_688_S.tif,S
916,1530_731_S.tif,S
917,353_173_S.tif,S
918,1898_901_B.tif,B
919,1226_576_S.tif,S
920,1522_728_B.tif,B
921,2049_964_B.tif,B
922,1288_606_B.tif,B
923,2273_1072_S.tif,S
924,423_207_B.tif,B
925,1557_746_S.tif,S
926,1315_622_S.tif,S
927,789_367_B.tif,B
928,1365_644_S.tif,S
929,1654_789_S.tif,S
930,1022_477_S.tif,S
931,746_345_B.tif,B
932,560_271_B.tif,B
933,215_97_B.tif,B
934,2328_1102_B.tif,B
935,2173_1026_S.tif,S
936,762_352_B.tif,B
937,72_34_S.tif,S
938,447_222_S.tif,S
939,2555_1229_S.tif,S
940,433_215_S.tif,S
941,2206_1041_B.tif,B
942,1830_874_B.tif,B
943,1904_902_S.tif,S
944,692_324_B.tif,B
945,62_28_B.tif,B
946,69_33_B.tif,B
947,666_313_S.tif,S
948,27_14_S.tif,S
949,1610_769_S.tif,S
950,587_283_S.tif,S
951,1986_934_B.tif,B
952,2265_1068_B.tif,B
953,898_424_B.tif,B
954,26_14_S.tif,S
955,324_155_S.tif,S
956,1117_526_B.tif,B
957,1873_891_B.tif,B
958,1878_895_B.tif,B
959,1319_623_S.tif,S
960,1649_786_S.tif,S
961,1797_857_S.tif,S
962,2185_1030_S.tif,S
963,1347_636_B.tif,B
964,365_179_B.tif,B
965,126_61_S.tif,S
966,1052_490_S.tif,S
967,983_465_S.tif,S
968,2447_1165_B.tif,B
969,169_80_S.tif,S
970,700_329_S.tif,S
971,1790_850_B.tif,B
972,1633_779_B.tif,B
973,168_80_S.tif,S
974,1168_552_S.tif,S
975,1437_685_B.tif,B
976,1011_475_S.tif,S
977,2540_1220_B.tif,B
978,2034_958_B.tif,B
979,1933_914_S.tif,S
980,1690_805_S.tif,S
981,913_432_S.tif,S
982,328_156_B.tif,B
983,2279_1073_S.tif,S
984,454_223_S.tif,S
985,1362_643_B.tif,B
986,254_121_S.tif,S
987,800_372_B.tif,B
988,300_140_B.tif,B
989,864_404_B.tif,B
990,737_343_S.tif,S
991,408_202_S.tif,S
992,273_127_S.tif,S
993,1205_566_B.tif,B
994,2038_959_B.tif,B
995,2245_1059_B.tif,B
996,535_260_S.tif,S
997,1893_899_B.tif,B
998,2232_1052_B.tif,B
999,1747_830_S.tif,S
1000,2475_1183_S.tif,S
1001,1677_799_B.tif,B
1002,774_360_B.tif,B
1003,1953_925_B.tif,B
1004,848_393_B.tif,B
1005,2022_953_B.tif,B
1006,1726_820_S.tif,S
1007,2452_1168_S.tif,S
1008,1997_940_S.tif,S
1009,1190_562_S.tif,S
1010,573_276_S.tif,S
1011,2565_1235_B.tif,B
1012,224_104_B.tif,B
1013,490_238_S.tif,S
1014,2436_1159_B.tif,B
1015,1843_879_S.tif,S
1016,1537_736_B.tif,B
1017,1672_797_B.tif,B
1018,1170_553_S.tif,S
1019,330_157_B.tif,B
1020,2416_1151_B.tif,B
1021,2311_1092_B.tif,B
1022,1321_623_B.tif,B
1023,1958_927_S.tif,S
1024,2106_994_S.tif,S
1025,793_369_B.tif,B
1026,497_243_B.tif,B
1027,1735_823_B.tif,B
1028,2320_1098_B.tif,B
1029,347_171_B.tif,B
1030,465_228_B.tif,B
1031,1839_879_S.tif,S
1032,681_318_B.tif,B
1033,1954_926_S.tif,S
1034,1514_724_B.tif,B
1035,2157_1018_B.tif,B
1036,1919_909_S.tif,S
1037,1237_581_S.tif,S
1038,730_340_B.tif,B
1039,2031_956_B.tif,B
1040,2196_1037_B.tif,B
1041,1202_565_S.tif,S
1042,2066_973_B.tif,B
1043,85_44_S.tif,S
1044,581_281_S.tif,S
1045,199_89_S.tif,S
1046,2558_1229_B.tif,B
1047,2048_963_B.tif,B
1048,198_89_S.tif,S
1049,2294_1082_S.tif,S
1050,275_127_B.tif,B
1051,1387_658_B.tif,B
1052,1824_869_B.tif,B
1053,398_198_S.tif,S
1054,6_3_S.tif,S
1055,1032_483_S.tif,S
1056,1884_897_S.tif,S
1057,2242_1058_S.tif,S
1058,2562_1232_B.tif,B
1059,1159_546_S.tif,S
1060,718_337_B.tif,B
1061,2523_1210_B.tif,B
1062,2167_1024_S.tif,S
1063,798_372_S.tif,S
1064,1536_735_B.tif,B
1065,2504_1200_S.tif,S
1066,2223_1049_B.tif,B
1067,510_249_S.tif,S
1068,1003_473_S.tif,S
1069,2495_1194_S.tif,S
1070,1512_722_B.tif,B
1071,266_124_S.tif,S
1072,2560_1231_B.tif,B
1073,2080_982_S.tif,S
1074,915_432_B.tif,B
1075,1935_914_B.tif,B
1076,2154_1016_B.tif,B
1077,1964_928_S.tif,S
1078,194_88_B.tif,B
1079,1407_670_S.tif,S
1080,2409_1146_B.tif,B
1081,823_382_S.tif,S
1082,693_325_S.tif,S
1083,1581_759_B.tif,B
1084,872_410_S.tif,S
1085,432_214_B.tif,B
1086,1418_674_S.tif,S
1087,2140_1009_B.tif,B
1088,1796_856_B.tif,B
1089,1285_606_S.tif,S
1090,1204_565_B.tif,B
1091,244_117_B.tif,B
1092,174_82_B.tif,B
1093,2016_949_B.tif,B
1094,1425_678_S.tif,S
1095,1331_628_S.tif,S
1096,899_425_S.tif,S
1097,892_421_S.tif,S
1098,1165_550_S.tif,S
1099,1305_616_S.tif,S
1100,1100_517_B.tif,B
1101,1472_705_S.tif,S
1102,993_468_S.tif,S
1103,862_402_B.tif,B
1104,2401_1140_B.tif,B
1105,529_257_B.tif,B
1106,352_172_B.tif,B
1107,2455_1169_B.tif,B
1108,1346_635_B.tif,B
1109,1278_603_B.tif,B
1110,1461_698_S.tif,S
1111,768_357_S.tif,S
1112,1623_774_B.tif,B
1113,1639_783_B.tif,B
1114,930_441_S.tif,S
1115,426_210_S.tif,S
1116,525_254_B.tif,B
1117,1102_518_S.tif,S
1118,1617_773_S.tif,S
1119,1667_796_B.tif,B
1120,301_141_B.tif,B
1121,577_279_S.tif,S
1122,801_373_B.tif,B
1123,1048_487_B.tif,B
1124,1946_922_S.tif,S
1125,784_365_S.tif,S
1126,687_321_B.tif,B
1127,865_405_B.tif,B
1128,1759_833_B.tif,B
1129,907_429_S.tif,S
1130,1008_473_B.tif,B
1131,592_286_S.tif,S
1132,1442_688_S.tif,S
1133,1218_574_S.tif,S
1134,764_354_S.tif,S
1135,2259_1066_B.tif,B
1136,828_384_S.tif,S
1137,44_20_B.tif,B
1138,2165_1023_B.tif,B
1139,747_346_S.tif,S
1140,603_290_S.tif,S
1141,364_178_B.tif,B
1142,2364_1124_B.tif,B
1143,322_153_B.tif,B
1144,538_260_S.tif,S
1145,1899_902_S.tif,S
1146,1806_863_B.tif,B
1147,1777_842_B.tif,B
1148,246_118_S.tif,S
1149,1980_932_S.tif,S
1150,306_144_B.tif,B
1151,1791_851_B.tif,B
1152,2458_1170_B.tif,B
1153,1556_745_B.tif,B
1154,1314_621_B.tif,B
1155,1044_486_B.tif,B
1156,389_192_B.tif,B
1157,2178_1028_S.tif,S
1158,1632_778_B.tif,B
1159,1240_581_S.tif,S
1160,1902_902_S.tif,S
1161,1515_725_B.tif,B
1162,1357_641_B.tif,B
1163,261_123_S.tif,S
1164,533_259_S.tif,S
1165,143_70_B.tif,B
1166,2087_985_S.tif,S
1167,545_263_B.tif,B
1168,1549_741_B.tif,B
1169,346_170_B.tif,B
1170,1845_880_S.tif,S
1171,1429_680_B.tif,B
1172,2197_1038_B.tif,B
1173,1414_671_B.tif,B
1174,205_92_B.tif,B
1175,2226_1050_S.tif,S
1176,1069_500_S.tif,S
1177,119_58_B.tif,B
1178,1254_587_B.tif,B
1179,2283_1075_S.tif,S
1180,2248_1062_S.tif,S
1181,674_315_B.tif,B
1182,2359_1121_B.tif,B
1183,1572_754_S.tif,S
1184,338_164_B.tif,B
1185,725_339_B.tif,B
1186,838_390_S.tif,S
1187,2156_1017_B.tif,B
1188,1363_644_S.tif,S
1189,1385_657_S.tif,S
1190,277_128_S.tif,S
1191,2588_1243_B.tif,B
1192,2314_1094_B.tif,B
1193,1696_807_B.tif,B
1194,1450_691_B.tif,B
1195,657_307_B.tif,B
1196,368_182_S.tif,S
1197,1247_584_S.tif,S
1198,2023_954_S.tif,S
1199,159_77_S.tif,S
1200,2485_1186_B.tif,B
1201,158_77_S.tif,S
1202,1921_910_S.tif,S
1203,1126_532_S.tif,S
1204,1024_477_S.tif,S
1205,2253_1063_B.tif,B
1206,1689_805_S.tif,S
1207,1035_484_S.tif,S
1208,1513_723_B.tif,B
1209,362_178_S.tif,S
1210,843_393_S.tif,S
1211,1889_897_S.tif,S
1212,2369_1126_B.tif,B
1213,1486_712_S.tif,S
1214,2299_1084_B.tif,B
1215,1448_689_B.tif,B
1216,1055_491_B.tif,B
1217,642_302_S.tif,S
1218,1121_528_B.tif,B
1219,1042_486_S.tif,S
1220,2238_1055_B.tif,B
1221,1312_621_S.tif,S
1222,500_246_S.tif,S
1223,750_348_B.tif,B
1224,1303_614_B.tif,B
1225,2333_1105_S.tif,S
1226,1221_575_S.tif,S
1227,1351_639_S.tif,S
1228,470_230_B.tif,B
1229,1451_692_B.tif,B
1230,223_103_B.tif,B
1231,2254_1064_B.tif,B
1232,675_316_B.tif,B
1233,616_293_S.tif,S
1234,523_254_S.tif,S
1235,1837_877_B.tif,B
1236,1279_604_S.tif,S
1237,2313_1093_B.tif,B
1238,1703_812_S.tif,S
1239,594_286_B.tif,B
1240,130_63_B.tif,B
1241,2414_1150_B.tif,B
1242,1265_595_S.tif,S
1243,1593_766_S.tif,S
1244,1940_919_S.tif,S
1245,1561_748_S.tif,S
1246,609_291_B.tif,B
1247,1415_672_B.tif,B
1248,477_233_S.tif,S
1249,555_268_S.tif,S
1250,918_434_S.tif,S
1251,1392_662_S.tif,S
1252,528_256_B.tif,B
1253,1134_534_S.tif,S
1254,509_249_S.tif,S
1255,2198_1039_B.tif,B
1256,2042_960_S.tif,S
1257,1776_841_B.tif,B
1258,868_407_B.tif,B
1259,92_46_B.tif,B
1260,2399_1140_S.tif,S
1261,404_201_S.tif,S
1262,863_403_B.tif,B
1263,2129_1005_S.tif,S
1264,258_122_S.tif,S
1265,202_91_S.tif,S
1266,54_23_B.tif,B
1267,2286_1077_B.tif,B
1268,1188_561_S.tif,S
1269,1684_801_B.tif,B
1270,203_91_S.tif,S
1271,904_427_B.tif,B
1272,153_75_S.tif,S
1273,1543_740_S.tif,S
1274,2229_1051_S.tif,S
1275,73_34_B.tif,B
1276,2025_954_B.tif,B
1277,152_75_S.tif,S
1278,1739_826_S.tif,S
1279,281_130_B.tif,B
1280,2445_1164_B.tif,B
1281,1184_560_S.tif,S
1282,1732_822_S.tif,S
1283,2587_1242_B.tif,B
1284,2572_1239_S.tif,S
1285,238_113_B.tif,B
1286,2516_1208_B.tif,B
1287,2171_1025_B.tif,B
1288,543_263_S.tif,S
1289,142_69_B.tif,B
1290,627_298_B.tif,B
1291,2151_1016_S.tif,S
1292,1580_758_B.tif,B
1293,2187_1031_S.tif,S
1294,1760_834_S.tif,S
1295,505_248_S.tif,S
1296,2542_1221_B.tif,B
1297,1162_548_B.tif,B
1298,1138_535_S.tif,S
1299,1894_900_S.tif,S
1300,723_339_S.tif,S
1301,1528_730_B.tif,B
1302,2480_1184_S.tif,S
1303,1666_795_B.tif,B
1304,1910_904_S.tif,S
1305,1273_598_B.tif,B
1306,2061_972_S.tif,S
1307,2144_1011_S.tif,S
1308,1166_550_B.tif,B
1309,1664_794_S.tif,S
1310,2164_1022_B.tif,B
1311,880_414_S.tif,S
1312,2488_1188_B.tif,B
1313,721_338_B.tif,B
1314,1426_678_B.tif,B
1315,1871_890_B.tif,B
1316,1912_905_B.tif,B
1317,1301_613_B.tif,B
1318,1975_931_S.tif,S
1319,488_237_S.tif,S
1320,283_131_S.tif,S
1321,2365_1125_B.tif,B
1322,1636_782_S.tif,S
1323,1079_507_B.tif,B
1324,449_222_S.tif,S
1325,767_356_B.tif,B
1326,541_262_B.tif,B
1327,2459_1171_B.tif,B
1328,664_312_S.tif,S
1329,569_274_B.tif,B
1330,1020_476_S.tif,S
1331,2589_1244_S.tif,S
1332,933_441_B.tif,B
1333,484_236_S.tif,S
1334,1462_698_B.tif,B
1335,668_313_S.tif,S
1336,1345_635_S.tif,S
1337,351_172_S.tif,S
1338,1774_840_S.tif,S
1339,1526_730_S.tif,S
1340,1087_513_S.tif,S
1341,1049_488_B.tif,B
1342,1195_562_S.tif,S
1343,557_269_B.tif,B
1344,836_389_B.tif,B
1345,421_206_B.tif,B
1346,1317_623_S.tif,S
1347,1647_786_S.tif,S
1348,1799_857_S.tif,S
1349,2337_1106_B.tif,B
1350,688_322_S.tif,S
1351,1306_616_B.tif,B
1352,805_374_S.tif,S
1353,2377_1130_B.tif,B
1354,269_125_B.tif,B
1355,1324_625_S.tif,S
1356,1480_707_B.tif,B
1357,2466_1177_B.tif,B
1358,2070_976_B.tif,B
1359,1992_938_S.tif,S
1360,2136_1007_S.tif,S
1361,1243_583_B.tif,B
1362,2175_1026_S.tif,S
1363,1446_689_S.tif,S
1364,1565_750_S.tif,S
1365,596_287_S.tif,S
1366,2315_1095_B.tif,B
1367,1281_605_S.tif,S
1368,677_317_S.tif,S
1369,251_121_S.tif,S
1370,1697_808_B.tif,B
1371,1112_524_S.tif,S
1372,857_399_B.tif,B
1373,2190_1033_B.tif,B
1374,2275_1072_S.tif,S
1375,1852_884_S.tif,S
1376,367_181_B.tif,B
1377,424_208_B.tif,B
1378,631_299_S.tif,S
1379,2127_1005_S.tif,S
1380,472_231_S.tif,S
1381,1967_928_B.tif,B
1382,571_275_B.tif,B
1383,1255_588_B.tif,B
1384,1984_933_S.tif,S
1385,901_425_B.tif,B
1386,2574_1239_B.tif,B
1387,67_31_B.tif,B
1388,17_8_S.tif,S
1389,565_273_S.tif,S
1390,483_235_B.tif,B
1391,288_133_B.tif,B
1392,2358_1120_B.tif,B
1393,986_465_S.tif,S
1394,1051_489_B.tif,B
1395,607_291_S.tif,S
1396,124_60_S.tif,S
1397,1628_778_S.tif,S
1398,1233_579_B.tif,B
1399,2089_985_B.tif,B
1400,1950_923_B.tif,B
1401,1547_741_S.tif,S
1402,1510_721_S.tif,S
1403,1329_627_S.tif,S
1404,1178_557_B.tif,B
1405,742_344_S.tif,S
1406,1173_553_B.tif,B
1407,1261_592_B.tif,B
1408,1671_797_S.tif,S
1409,2597_1247_S.tif,S
1410,1817_867_S.tif,S
1411,2078_981_S.tif,S
1412,2511_1205_S.tif,S
1413,1015_476_S.tif,S
1414,2513_1206_S.tif,S
1415,2310_1091_B.tif,B
1416,177_83_B.tif,B
1417,2362_1124_S.tif,S
1418,279_128_B.tif,B
1419,20_8_B.tif,B
1420,1455_695_S.tif,S
1421,1584_762_S.tif,S
1422,770_358_S.tif,S
1423,2417_1152_B.tif,B
1424,1714_816_S.tif,S
1425,1062_496_B.tif,B
1426,394_197_S.tif,S
1427,531_258_B.tif,B
1428,2085_984_B.tif,B
1429,2109_995_B.tif,B
1430,1957_926_B.tif,B
1431,439_218_S.tif,S
1432,2338_1107_B.tif,B
1433,2120_1002_S.tif,S
1434,871_409_B.tif,B
1435,1533_733_S.tif,S
1436,1380_655_S.tif,S
1437,971_461_S.tif,S
1438,1961_928_S.tif,S
1439,320_152_S.tif,S
1440,1012_475_B.tif,B
1441,420_205_B.tif,B
1442,2420_1154_S.tif,S
1443,860_401_S.tif,S
1444,1067_498_B.tif,B
1445,1046_487_S.tif,S
1446,703_329_B.tif,B
1447,1757_833_S.tif,S
1448,909_429_B.tif,B
1449,2009_945_S.tif,S
1450,626_297_B.tif,B
1451,1006_473_S.tif,S
1452,727_340_S.tif,S
1453,162_77_B.tif,B
1454,1141_537_B.tif,B
1455,51_23_S.tif,S
1456,1707_813_S.tif,S
1457,493_240_B.tif,B
1458,50_23_S.tif,S
1459,498_244_B.tif,B
1460,905_428_B.tif,B
1461,924_437_S.tif,S
1462,1348_637_S.tif,S
1463,1881_897_S.tif,S
1464,2057_969_B.tif,B
1465,766_355_B.tif,B
1466,821_381_B.tif,B
1467,540_261_B.tif,B
1468,336_162_B.tif,B
1469,612_292_S.tif,S
1470,1583_761_B.tif,B
1471,2318_1097_B.tif,B
1472,869_408_B.tif,B
1473,1913_906_B.tif,B
1474,2476_1183_S.tif,S
1475,1114_524_B.tif,B
1476,257_121_B.tif,B
1477,1361_643_S.tif,S
1478,2387_1135_S.tif,S
1479,628_299_S.tif,S
1480,926_438_B.tif,B
1481,2433_1157_S.tif,S
1482,1924_910_S.tif,S
1483,1784_845_B.tif,B
1484,2543_1222_B.tif,B
1485,79_40_B.tif,B
1486,1877_894_B.tif,B
1487,1366_644_S.tif,S
1488,2091_986_B.tif,B
1489,997_470_S.tif,S
1490,1307_617_B.tif,B
1491,1118_527_B.tif,B
1492,1740_826_B.tif,B
1493,556_268_B.tif,B
1494,1827_872_S.tif,S
1495,808_374_S.tif,S
1496,1427_679_B.tif,B
1497,81_42_S.tif,S
1498,2152_1016_S.tif,S
1499,2422_1155_S.tif,S
1500,1148_542_B.tif,B
1501,2205_1041_S.tif,S
1502,1491_712_B.tif,B
1503,1167_551_B.tif,B
1504,1897_900_B.tif,B
1505,506_248_B.tif,B
1506,2571_1239_S.tif,S
1507,1602_767_S.tif,S
1508,1907_902_S.tif,S
1509,393_196_B.tif,B
1510,210_95_B.tif,B
1511,2499_1197_S.tif,S
1512,2114_998_B.tif,B
1513,2046_963_S.tif,S
1514,2321_1099_B.tif,B
1515,2461_1172_B.tif,B
1516,1403_668_S.tif,S
1517,1641_784_B.tif,B
1518,2262_1067_B.tif,B
1519,348_172_S.tif,S
1520,935_443_S.tif,S
1521,2122_1003_S.tif,S
1522,680_317_B.tif,B
1523,1359_643_S.tif,S
1524,716_337_S.tif,S
1525,2240_1057_S.tif,S
1526,877_412_S.tif,S
1527,2309_1091_S.tif,S
1528,2564_1234_B.tif,B
1529,2595_1246_S.tif,S
1530,1562_748_B.tif,B
1531,1621_773_B.tif,B
1532,1210_569_B.tif,B
1533,331_158_B.tif,B
1534,1242_582_B.tif,B
1535,696_327_S.tif,S
1536,1834_877_S.tif,S
1537,956_458_S.tif,S
1538,2071_977_B.tif,B
1539,2239_1056_B.tif,B
1540,2094_988_B.tif,B
1541,2467_1178_B.tif,B
1542,856_398_B.tif,B
1543,22_10_B.tif,B
1544,425_209_B.tif,B
1545,366_180_B.tif,B
1546,832_386_B.tif,B
1547,450_222_S.tif,S
1548,1914_907_S.tif,S
1549,1999_940_B.tif,B
1550,1018_476_S.tif,S
1551,2339_1108_B.tif,B
1552,2340_1109_S.tif,S
1553,732_341_S.tif,S
1554,889_419_S.tif,S
1555,2064_972_S.tif,S
1556,2471_1180_B.tif,B
1557,2391_1136_B.tif,B
1558,1502_718_S.tif,S
1559,519_253_S.tif,S
1560,699_328_B.tif,B
1561,467_229_S.tif,S
1562,2225_1050_S.tif,S
1563,141_68_B.tif,B
1564,2108_994_B.tif,B
1565,1657_790_S.tif,S
1566,620_295_S.tif,S
1567,2053_966_B.tif,B
1568,1782_845_S.tif,S
1569,515_252_S.tif,S
1570,1751_831_B.tif,B
1571,2134_1006_S.tif,S
1572,654_307_S.tif,S
1573,2507_1202_S.tif,S
1574,2372_1129_S.tif,S
1575,1695_807_S.tif,S
1576,2010_945_S.tif,S
1577,2277_1073_S.tif,S
1578,1386_657_B.tif,B
1579,456_224_S.tif,S
1580,492_239_B.tif,B
1581,226_105_S.tif,S
1582,2563_1233_B.tif,B
1583,1995_939_B.tif,B
1584,776_361_S.tif,S
1585,2020_952_S.tif,S
1586,1323_624_B.tif,B
1587,1773_839_B.tif,B
1588,392_195_B.tif,B
1589,1730_821_B.tif,B
1590,1596_766_S.tif,S
1591,499_245_B.tif,B
1592,1115_525_B.tif,B
1593,735_342_B.tif,B
1594,2454_1168_B.tif,B
1595,41_19_B.tif,B
1596,356_175_S.tif,S
1597,337_163_B.tif,B
1598,1029_480_B.tif,B
1599,2380_1132_S.tif,S
1600,249_119_B.tif,B
1601,326_156_S.tif,S
1602,1582_760_B.tif,B
1603,2118_1001_S.tif,S
1604,1631_778_S.tif,S
1605,1555_745_S.tif,S
1606,2258_1065_B.tif,B
1607,1509_721_S.tif,S
1608,2036_959_S.tif,S
1609,1224_575_S.tif,S
1610,1749_830_B.tif,B
1611,32_15_S.tif,S
1612,1390_661_B.tif,B
1613,2494_1193_B.tif,B
1614,1668_797_S.tif,S
1615,2_1_B.tif,B
1616,462_227_S.tif,S
1617,1075_504_B.tif,B
1618,1140_536_B.tif,B
1619,760_351_B.tif,B
1620,412_204_S.tif,S
1621,846_393_S.tif,S
1622,1785_846_B.tif,B
1623,1811_865_B.tif,B
1624,166_79_S.tif,S
1625,230_108_B.tif,B
1626,814_378_S.tif,S
1627,1979_932_S.tif,S
1628,507_249_S.tif,S
1629,1614_771_S.tif,S
1630,1432_683_B.tif,B
1631,1332_628_S.tif,S
1632,1439_687_B.tif,B
1633,1199_563_B.tif,B
1634,1149_543_S.tif,S
1635,1286_606_S.tif,S
1636,670_314_S.tif,S
1637,1559_746_B.tif,B
1638,1250_586_S.tif,S
1639,2592_1245_S.tif,S
1640,87_45_B.tif,B
1641,344_168_B.tif,B
1642,1410_670_S.tif,S
1643,57_26_B.tif,B
1644,374_184_S.tif,S
1645,1277_602_B.tif,B
1646,2479_1184_S.tif,S
1647,314_148_B.tif,B
1648,378_185_S.tif,S
1649,2531_1214_B.tif,B
1650,2418_1153_S.tif,S
1651,2367_1126_S.tif,S
1652,2054_967_B.tif,B
1653,1093_515_S.tif,S
1654,2297_1084_S.tif,S
1655,927_439_S.tif,S
1656,12_4_B.tif,B
1657,710_335_S.tif,S
1658,589_283_B.tif,B
1659,1013_476_S.tif,S
1660,1136_535_S.tif,S
1661,1497_716_S.tif,S
1662,1692_806_S.tif,S
1663,2382_1133_B.tif,B
1664,1741_827_S.tif,S
1665,2546_1224_S.tif,S
1666,2211_1045_B.tif,B
1667,170_80_B.tif,B
1668,2236_1055_S.tif,S
1669,1887_897_S.tif,S
1670,2583_1241_B.tif,B
1671,1563_749_S.tif,S
1672,2347_1113_S.tif,S
1673,1488_712_S.tif,S
1674,1876_893_B.tif,B
1675,683_320_S.tif,S
1676,2561_1232_S.tif,S
1677,758_351_S.tif,S
1678,964_459_S.tif,S
1679,833_387_S.tif,S
1680,896_422_B.tif,B
1681,614_292_S.tif,S
1682,582_281_S.tif,S
1683,1744_829_S.tif,S
1684,1106_519_B.tif,B
1685,1541_739_S.tif,S
1686,2095_989_S.tif,S
1687,1310_620_S.tif,S
1688,754_350_S.tif,S
1689,502_247_S.tif,S
1690,2263_1068_S.tif,S
1691,818_380_S.tif,S
1692,1388_659_B.tif,B
1693,752_349_B.tif,B
1694,1769_837_B.tif,B
1695,2220_1049_S.tif,S
1696,2496_1194_B.tif,B
1697,2115_999_S.tif,S
1698,265_124_S.tif,S
1699,690_323_B.tif,B
1700,2282_1074_B.tif,B
1701,1802_859_B.tif,B
1702,1358_642_B.tif,B
1703,341_166_B.tif,B
1704,2393_1137_S.tif,S
1705,934_442_B.tif,B
1706,1569_751_B.tif,B
1707,1123_529_B.tif,B
1708,125_60_B.tif,B
1709,2255_1065_S.tif,S
1710,2412_1149_B.tif,B
1711,840_391_S.tif,S
1712,340_165_B.tif,B
1713,1343_635_S.tif,S
1714,2105_994_S.tif,S
1715,1560_747_B.tif,B
1716,2161_1020_B.tif,B
1717,1680_800_S.tif,S
1718,954_457_S.tif,S
1719,1483_709_B.tif,B
1720,2501_1197_B.tif,B
1721,969_460_B.tif,B
1722,637_301_S.tif,S
1723,803_374_S.tif,S
1724,2602_1250_B.tif,B
1725,1840_879_S.tif,S
1726,1477_705_B.tif,B
1727,2199_1040_S.tif,S
1728,2456_1170_S.tif,S
1729,1916_908_S.tif,S
1730,2398_1139_B.tif,B
1731,2415_1151_S.tif,S
1732,1808_865_S.tif,S
1733,1779_844_S.tif,S
1734,1396_663_B.tif,B
1735,1193_562_S.tif,S
1736,304_143_S.tif,S
1737,2534_1216_S.tif,S
1738,176_83_S.tif,S
1739,1662_794_S.tif,S
1740,1355_640_B.tif,B
1741,2195_1037_S.tif,S
1742,826_382_B.tif,B
1743,1074_503_B.tif,B
1744,1297_611_S.tif,S
1745,1973_931_S.tif,S
1746,1128_532_S.tif,S
1747,518_252_B.tif,B
1748,1291_608_B.tif,B
1749,318_150_B.tif,B
1750,1538_737_B.tif,B
1751,285_131_S.tif,S
1752,2099_991_S.tif,S
1753,1858_885_S.tif,S
1754,474_231_S.tif,S
1755,197_89_S.tif,S
1756,1982_933_S.tif,S
1757,1309_619_B.tif,B
1758,196_89_S.tif,S
1759,1619_773_S.tif,S
1760,2520_1209_S.tif,S
1761,2517_1209_S.tif,S
1762,2378_1131_S.tif,S
1763,183_86_B.tif,B
1764,2186_1030_B.tif,B
1765,563_273_S.tif,S
1766,231_109_S.tif,S
1767,1687_803_B.tif,B
1768,444_220_B.tif,B
1769,547_264_S.tif,S
1770,135_65_S.tif,S
1771,134_65_S.tif,S
1772,890_419_B.tif,B
1773,1276_601_B.tif,B
1774,2525_1212_B.tif,B
1775,2218_1048_S.tif,S
1776,2323_1100_S.tif,S
1777,536_260_S.tif,S
1778,1854_884_S.tif,S
1779,2228_1050_B.tif,B
1780,2329_1103_B.tif,B
1781,685_320_B.tif,B
1782,761_352_S.tif,S
1783,1463_699_S.tif,S
1784,237_112_B.tif,B
1785,200_89_B.tif,B
1786,1978_931_B.tif,B
1787,745_345_S.tif,S
1788,315_149_B.tif,B
1789,2233_1053_S.tif,S
1790,953_456_B.tif,B
1791,2074_979_S.tif,S
1792,138_66_B.tif,B
1793,853_396_S.tif,S
1794,1470_704_S.tif,S
1795,2150_1015_B.tif,B
1796,1316_622_B.tif,B
1797,2300_1085_S.tif,S
1798,2207_1042_B.tif,B
1799,1391_662_S.tif,S
1800,2041_960_S.tif,S
1801,910_430_S.tif,S
1802,2246_1060_B.tif,B
1803,303_142_B.tif,B
1804,2062_972_S.tif,S
1805,2556_1229_S.tif,S
1806,1229_577_B.tif,B
1807,2584_1242_S.tif,S
1808,1208_568_S.tif,S
1809,619_294_B.tif,B
1810,1763_834_S.tif,S
1811,2428_1156_S.tif,S
1812,1335_630_B.tif,B
1813,1198_562_B.tif,B
1814,1065_497_B.tif,B
1815,1438_686_B.tif,B
1816,691_324_S.tif,S
1817,1928_911_B.tif,B
1818,345_169_B.tif,B
1819,206_93_S.tif,S
1820,2183_1029_S.tif,S
1821,207_93_S.tif,S
1822,2541_1221_S.tif,S
1823,289_134_B.tif,B
1824,1731_822_S.tif,S
1825,38_17_B.tif,B
1826,917_433_B.tif,B
1827,1222_575_S.tif,S
1828,1459_696_B.tif,B
1829,1768_836_B.tif,B
1830,1352_639_S.tif,S
1831,1433_684_S.tif,S
1832,1041_486_S.tif,S
1833,2405_1143_B.tif,B
1834,46_21_S.tif,S
1835,396_198_S.tif,S
1836,47_21_S.tif,S
1837,641_302_S.tif,S
1838,1568_750_B.tif,B
1839,1001_472_S.tif,S
1840,430_213_S.tif,S
1841,1157_546_S.tif,S
1842,2493_1192_B.tif,B
1843,414_204_S.tif,S
1844,1725_819_B.tif,B
1845,1266_595_S.tif,S
1846,1174_554_S.tif,S
1847,568_273_B.tif,B
1848,494_241_B.tif,B
1849,579_280_B.tif,B
1850,1150_543_S.tif,S
1851,2117_1000_B.tif,B
1852,1673_798_S.tif,S
1853,1652_787_B.tif,B
1854,418_205_S.tif,S
1855,2102_993_S.tif,S
1856,810_375_B.tif,B
1857,1409_670_S.tif,S
1858,102_51_B.tif,B
1859,34_16_S.tif,S
1860,897_423_B.tif,B
1861,291_135_B.tif,B
1862,35_16_S.tif,S
1863,241_115_S.tif,S
1864,1180_558_S.tif,S
1865,250_120_B.tif,B
1866,10_3_B.tif,B
1867,1280_604_B.tif,B
1868,1931_913_B.tif,B
1869,1063_497_S.tif,S
1870,1728_820_S.tif,S
1871,185_87_S.tif,S
1872,1400_666_S.tif,S
1873,2033_957_B.tif,B
1874,1200_564_S.tif,S
1875,2215_1048_S.tif,S
1876,2125_1004_B.tif,B
1877,184_87_S.tif,S
1878,495_242_B.tif,B
1879,1701_811_S.tif,S
1880,791_368_B.tif,B
1881,1532_732_B.tif,B
1882,1846_880_S.tif,S
1883,2155_1017_S.tif,S
1884,1217_573_B.tif,B
1885,2208_1043_B.tif,B
1886,129_63_S.tif,S
1887,1591_765_S.tif,S
1888,319_151_B.tif,B
1889,647_304_S.tif,S
1890,262_123_S.tif,S
1891,1901_902_S.tif,S
1892,1604_767_S.tif,S
1893,811_376_B.tif,B
1894,827_383_B.tif,B
1895,2202_1040_S.tif,S
1896,1990_937_S.tif,S
1897,1922_910_S.tif,S
1898,2004_943_S.tif,S
1899,2177_1027_B.tif,B
1900,719_338_S.tif,S
1901,1036_484_S.tif,S
1902,1482_708_B.tif,B
1903,201_90_B.tif,B
1904,1465_699_B.tif,B
1905,1546_740_B.tif,B
1906,1328_626_B.tif,B
1907,146_72_B.tif,B
1908,1244_584_S.tif,S
1909,2581_1240_B.tif,B
1910,2250_1063_S.tif,S
1911,442_219_B.tif,B
1912,1239_581_S.tif,S
1913,1458_695_B.tif,B
1914,28_14_B.tif,B
1915,2544_1223_B.tif,B
1916,2104_993_B.tif,B
1917,2319_1098_S.tif,S
1918,1675_798_B.tif,B
1919,1951_924_B.tif,B
1920,1868_889_S.tif,S
1921,1929_912_B.tif,B
1922,1441_688_S.tif,S
1923,1460_697_B.tif,B
1924,2600_1248_B.tif,B
1925,2068_975_S.tif,S
1926,1945_922_S.tif,S
1927,1826_871_B.tif,B
1928,309_145_B.tif,B
1929,1505_720_B.tif,B
1930,1101_518_S.tif,S
1931,1743_828_B.tif,B
1932,108_53_B.tif,B
1933,1778_843_B.tif,B
1934,1397_664_S.tif,S
1935,1891_898_B.tif,B
1936,992_467_B.tif,B
1937,2590_1244_S.tif,S
1938,295_138_B.tif,B
1939,1330_627_B.tif,B
1940,406_202_S.tif,S
1941,1949_923_S.tif,S
1942,192_87_B.tif,B
1943,2528_1214_S.tif,S
1944,25_13_B.tif,B
1945,2576_1240_S.tif,S
1946,1354_639_B.tif,B
1947,1988_936_S.tif,S
1948,382_187_B.tif,B
1949,1424_677_B.tif,B
1950,33_15_B.tif,B
1951,1308_618_B.tif,B
1952,2354_1116_B.tif,B
1953,245_118_S.tif,S
1954,1723_819_S.tif,S
1955,445_221_B.tif,B
1956,1864_888_S.tif,S
1957,400_199_S.tif,S
1958,2280_1073_S.tif,S
1959,167_79_B.tif,B
1960,2468_1179_S.tif,S
1961,952_455_B.tif,B
1962,981_464_S.tif,S
1963,1686_802_B.tif,B
1964,600_290_S.tif,S
1965,1099_517_S.tif,S
1966,2453_1168_S.tif,S
1967,78_39_B.tif,B
1968,1447_689_S.tif,S
1969,1325_625_S.tif,S
1970,662_311_B.tif,B
1971,1517_727_S.tif,S
1972,2351_1115_B.tif,B
1973,114_56_S.tif,S
1974,886_417_B.tif,B
1975,23_11_B.tif,B
1976,1853_884_S.tif,S
1977,615_292_B.tif,B
1978,583_281_B.tif,B
1979,676_317_S.tif,S
1980,553_267_B.tif,B
1981,965_459_B.tif,B
1982,1113_524_S.tif,S
1983,473_231_S.tif,S
1984,1422_676_B.tif,B
1985,2289_1079_B.tif,B
1986,.ipynb_checkpoints,c
1987,630_299_S.tif,S
1988,1939_918_B.tif,B
1989,503_247_B.tif,B
1990,709_334_B.tif,B
1991,819_380_B.tif,B
1992,2019_952_S.tif,S
1993,2536_1216_B.tif,B
1994,1553_744_B.tif,B
1995,1311_620_B.tif,B
1996,564_273_S.tif,S
1997,2330_1104_S.tif,S
1998,1122_529_S.tif,S
1999,1095_516_S.tif,S
2000,2566_1236_B.tif,B
2001,987_465_S.tif,S
2002,1124_530_B.tif,B
2003,606_291_S.tif,S
2004,1626_777_B.tif,B
2005,2082_982_B.tif,B
2006,2141_1010_B.tif,B
2007,867_407_S.tif,S
2008,2360_1122_B.tif,B
2009,1558_746_S.tif,S
2010,2290_1080_B.tif,B
2011,478_233_B.tif,B
2012,1615_771_B.tif,B
2013,881_414_S.tif,S
2014,527_256_S.tif,S
2015,1333_628_B.tif,B
2016,2131_1005_B.tif,B
2017,2599_1248_S.tif,S
2018,448_222_S.tif,S
2019,157_76_B.tif,B
2020,1974_931_S.tif,S
2021,2278_1073_S.tif,S
2022,590_284_B.tif,B
2023,1534_733_B.tif,B
2024,1504_719_B.tif,B
2025,282_131_S.tif,S
2026,2266_1069_S.tif,S
2027,2231_1051_B.tif,B
2028,3_2_S.tif,S
2029,1344_635_S.tif,S
2030,2559_1230_B.tif,B
2031,2169_1025_S.tif,S
2032,139_67_S.tif,S
2033,485_236_S.tif,S
2034,379_185_B.tif,B
2035,1646_786_S.tif,S
2036,1798_857_S.tif,S
2037,2474_1183_S.tif,S
2038,804_374_S.tif,S
2039,350_172_S.tif,S
2040,2285_1076_B.tif,B
2041,1693_806_B.tif,B
2042,947_451_B.tif,B
2043,2269_1071_S.tif,S
2044,1527_730_S.tif,S
2045,1086_513_S.tif,S
2046,652_306_B.tif,B
2047,1194_562_S.tif,S
2048,588_283_S.tif,S
2049,578_279_B.tif,B
2050,753_350_S.tif,S
2051,1047_487_S.tif,S
2052,970_461_S.tif,S
2053,1381_655_S.tif,S
2054,1081_509_B.tif,B
2055,1960_928_S.tif,S
2056,1859_885_B.tif,B
2057,1435_685_S.tif,S
2058,113_55_B.tif,B
2059,475_231_B.tif,B
2060,2027_956_S.tif,S
2061,726_340_S.tif,S
2062,2441_1162_B.tif,B
2063,2138_1008_S.tif,S
2064,1756_833_S.tif,S
2065,512_250_B.tif,B
2066,1737_825_B.tif,B
2067,2008_945_S.tif,S
2068,2395_1138_S.tif,S
2069,1007_473_S.tif,S
2070,1880_897_S.tif,S
2071,1832_876_B.tif,B
2072,2159_1019_B.tif,B
2073,748_346_B.tif,B
2074,1706_813_S.tif,S
2075,684_320_S.tif,S
2076,40_18_B.tif,B
2077,942_446_B.tif,B
2078,1360_643_S.tif,S
2079,963_459_S.tif,S
2080,977_464_S.tif,S
2081,1712_815_B.tif,B
2082,1258_590_B.tif,B
2083,613_292_S.tif,S
2084,132_65_S.tif,S
2085,1057_493_S.tif,S
2086,299_140_S.tif,S
2087,968_460_S.tif,S
2088,133_65_S.tif,S
2089,1484_710_B.tif,B
2090,1670_797_S.tif,S
2091,1816_867_S.tif,S
2092,955_457_B.tif,B
2093,2473_1182_B.tif,B
2094,147_73_S.tif,S
2095,150_75_S.tif,S
2096,1629_778_S.tif,S
2097,841_391_B.tif,B
2098,151_75_S.tif,S
2099,2326_1101_S.tif,S
2100,1014_476_S.tif,S
2101,29_15_S.tif,S
2102,1917_908_B.tif,B
2103,2434_1157_B.tif,B
2104,2486_1187_B.tif,B
2105,188_87_S.tif,S
2106,1476_705_S.tif,S
2107,189_87_S.tif,S
2108,1454_695_S.tif,S
2109,771_358_S.tif,S
2110,1613_771_S.tif,S
2111,1765_835_S.tif,S
2112,1715_816_S.tif,S
2113,2166_1024_S.tif,S
2114,305_143_B.tif,B
2115,739_344_S.tif,S
2116,2388_1135_S.tif,S
2117,1290_608_S.tif,S
2118,1800_857_B.tif,B
2119,373_184_S.tif,S
2120,128_62_B.tif,B
2121,1248_584_B.tif,B
2122,598_288_B.tif,B
2123,61_28_S.tif,S
2124,916_433_S.tif,S
2125,2047_963_S.tif,S
2126,479_234_S.tif,S
2127,66_30_B.tif,B
2128,2083_983_B.tif,B
2129,1724_819_S.tif,S
2130,2464_1175_B.tif,B
2131,2227_1050_S.tif,S
2132,717_337_S.tif,S
2133,349_172_S.tif,S
2134,431_213_B.tif,B
2135,1125_531_B.tif,B
2136,311_147_S.tif,S
2137,859_401_S.tif,S
2138,1835_877_S.tif,S
2139,957_458_S.tif,S
2140,876_412_S.tif,S
2141,1031_482_B.tif,B
2142,922_436_B.tif,B
2143,436_216_B.tif,B
2144,1267_595_B.tif,B
2145,1175_554_B.tif,B
2146,552_266_B.tif,B
2147,451_222_S.tif,S
2148,221_103_S.tif,S
2149,9_3_S.tif,S
2150,290_135_S.tif,S
2151,2003_943_S.tif,S
2152,2075_979_B.tif,B
2153,2402_1141_B.tif,B
2154,938_444_B.tif,B
2155,236_112_S.tif,S
2156,629_299_S.tif,S
2157,429_212_B.tif,B
2158,911_430_B.tif,B
2159,946_450_B.tif,B
2160,780_363_B.tif,B
2161,11_4_S.tif,S
2162,171_81_S.tif,S
2163,1471_704_B.tif,B
2164,585_283_S.tif,S
2165,891_420_B.tif,B
2166,1064_497_S.tif,S
2167,1228_577_S.tif,S
2168,1453_694_B.tif,B
2169,1209_568_B.tif,B
2170,618_294_S.tif,S
2171,787_366_B.tif,B
2172,302_142_S.tif,S
2173,2110_996_B.tif,B
2174,2397_1139_S.tif,S
2175,2533_1216_S.tif,S
2176,591_285_B.tif,B
2177,2514_1206_B.tif,B
2178,1186_560_B.tif,B
2179,1906_902_S.tif,S
2180,2179_1028_S.tif,S
2181,1603_767_S.tif,S
2182,2443_1163_B.tif,B
2183,1072_502_B.tif,B
2184,749_347_B.tif,B
2185,1597_766_S.tif,S
2186,1674_798_S.tif,S
2187,2568_1238_B.tif,B
2188,2431_1157_S.tif,S
2189,1869_889_B.tif,B
2190,2128_1005_S.tif,S
2191,2385_1135_S.tif,S
2192,1259_591_B.tif,B
2193,1130_532_B.tif,B
2194,1577_757_S.tif,S
2195,2538_1218_B.tif,B
2196,2302_1085_B.tif,B
2197,1588_764_B.tif,B
2198,327_156_S.tif,S
2199,308_145_S.tif,S
2200,786_365_B.tif,B
2201,270_126_B.tif,B
2202,2069_975_B.tif,B
2203,943_447_B.tif,B
2204,1404_668_B.tif,B
2205,2037_959_S.tif,S
2206,2573_1239_S.tif,S
2207,428_211_B.tif,B
2208,2113_998_S.tif,S
2209,2348_1113_B.tif,B
2210,1669_797_S.tif,S
2211,1080_508_B.tif,B
2212,1989_936_B.tif,B
2213,1630_778_S.tif,S
2214,1144_540_B.tif,B
2215,2407_1145_B.tif,B
2216,705_331_S.tif,S
2217,2292_1081_B.tif,B
2218,1554_745_S.tif,S
2219,738_343_B.tif,B
2220,294_138_S.tif,S
2221,1508_721_S.tif,S
2222,1736_824_B.tif,B
2223,2264_1068_S.tif,S
2224,513_251_B.tif,B
2225,372_183_B.tif,B
2226,2481_1184_S.tif,S
2227,815_378_S.tif,S
2228,2149_1014_B.tif,B
2229,401_199_B.tif,B
2230,413_204_S.tif,S
2231,847_393_S.tif,S
2232,2270_1071_B.tif,B
2233,888_419_S.tif,S
2234,1401_666_B.tif,B
2235,2032_957_S.tif,S
2236,1201_564_B.tif,B
2237,99_49_B.tif,B
2238,1729_820_B.tif,B
2239,1234_580_B.tif,B
2240,1930_913_S.tif,S
2241,1019_476_S.tif,S
2242,599_289_B.tif,B
2243,1249_585_B.tif,B
2244,2163_1022_S.tif,S
2245,263_123_B.tif,B
2246,1107_520_B.tif,B
2247,1216_573_S.tif,S
2248,796_371_B.tif,B
2249,1030_481_B.tif,B
2250,1860_886_B.tif,B
2251,790_368_S.tif,S
2252,1847_880_B.tif,B
2253,2332_1105_S.tif,S
2254,466_229_S.tif,S
2255,1464_699_S.tif,S
2256,2435_1158_B.tif,B
2257,1037_484_B.tif,B
2258,621_295_S.tif,S
2259,2073_979_S.tif,S
2260,1783_845_S.tif,S
2261,1389_660_B.tif,B
2262,1991_937_B.tif,B
2263,1485_711_B.tif,B
2264,514_252_S.tif,S
2265,655_307_S.tif,S
2266,95_48_S.tif,S
2267,1694_807_S.tif,S
2268,1803_860_B.tif,B
2269,976_463_B.tif,B
2270,597_287_B.tif,B
2271,923_437_S.tif,S
2272,437_217_S.tif,S
2273,1489_712_S.tif,S
2274,1416_673_B.tif,B
2275,2579_1240_S.tif,S
2276,1993_938_B.tif,B
2277,2527_1214_S.tif,S
2278,858_400_B.tif,B
2279,1886_897_S.tif,S
2280,268_125_S.tif,S
2281,2549_1226_S.tif,S
2282,310_146_B.tif,B
2283,2257_1065_S.tif,S
2284,2491_1190_B.tif,B
2285,115_56_B.tif,B
2286,1540_739_S.tif,S
2287,1745_829_S.tif,S
2288,8_3_S.tif,S
2289,220_102_B.tif,B
2290,781_364_B.tif,B
2291,759_351_S.tif,S
2292,2306_1088_B.tif,B
2293,1985_933_B.tif,B
2294,2552_1227_B.tif,B
2295,1452_693_B.tif,B
2296,1966_928_S.tif,S
2297,570_275_S.tif,S
2298,755_350_S.tif,S
2299,1376_651_B.tif,B
2300,1607_768_B.tif,B
2301,1050_489_S.tif,S
2302,482_235_S.tif,S
2303,264_124_S.tif,S
2304,900_425_S.tif,S
2305,1028_479_B.tif,B
2306,443_220_S.tif,S
2307,2353_1116_S.tif,S
2308,671_314_S.tif,S
2309,2111_997_S.tif,S
2310,387_191_B.tif,B
2311,1287_606_S.tif,S
2312,1300_613_S.tif,S
2313,1870_890_S.tif,S
2314,1251_586_S.tif,S
2315,720_338_S.tif,S
2316,2446_1165_S.tif,S
2317,1665_794_B.tif,B
2318,1713_816_S.tif,S
2319,584_282_B.tif,B
2320,2357_1119_B.tif,B
2321,1073_503_S.tif,S
2322,76_37_B.tif,B
2323,665_312_B.tif,B
2324,1078_507_S.tif,S
2325,156_76_S.tif,S
2326,1468_702_B.tif,B
2327,1143_539_B.tif,B
2328,2508_1202_B.tif,B
2329,2483_1185_B.tif,B
2330,1187_561_S.tif,S
2331,1637_782_B.tif,B
2332,1411_670_S.tif,S
2333,122_60_S.tif,S
2334,489_237_B.tif,B
2335,123_60_S.tif,S
2336,375_184_S.tif,S
2337,2375_1129_S.tif,S
2338,13_5_S.tif,S
2339,711_335_S.tif,S
2340,2026_955_B.tif,B
2341,669_313_B.tif,B
2342,218_100_B.tif,B
2343,2244_1059_S.tif,S
2344,939_445_S.tif,S
2345,1092_515_S.tif,S
2346,1021_476_B.tif,B
2347,932_441_S.tif,S
2348,2002_942_B.tif,B
2349,689_322_B.tif,B
2350,1793_853_B.tif,B
2351,182_85_B.tif,B
2352,520_253_B.tif,B
2353,1137_535_S.tif,S
2354,1496_716_S.tif,S
2355,1804_861_B.tif,B
2356,1775_840_B.tif,B
2357,2133_1006_S.tif,S
2358,702_329_S.tif,S
2359,1_1_S.tif,S
2360,704_330_B.tif,B
2361,1066_498_S.tif,S
2362,861_401_B.tif,B
2363,1145_541_S.tif,S
2364,1338_633_B.tif,B
2365,321_152_B.tif,B
2366,2098_991_S.tif,S
2367,2146_1011_B.tif,B
2368,104_53_S.tif,S
2369,1983_933_S.tif,S
2370,1571_753_B.tif,B
2371,1805_862_B.tif,B
2372,112_55_S.tif,S
2373,105_53_S.tif,S
2374,1405_669_S.tif,S
2375,1618_773_S.tif,S
2376,24_12_B.tif,B
2377,546_264_S.tif,S
2378,562_273_S.tif,S
2379,908_429_S.tif,S
2380,820_381_S.tif,S
2381,1349_637_B.tif,B
2382,2056_969_S.tif,S
2383,2400_1140_S.tif,S
2384,1564_749_B.tif,B
2385,925_437_B.tif,B
2386,56_25_B.tif,B
2387,256_121_S.tif,S
2388,834_387_B.tif,B
2389,2335_1106_S.tif,S
2390,1795_855_B.tif,B
2391,271_127_S.tif,S
2392,526_255_B.tif,B
2393,1576_756_B.tif,B
2394,1589_765_S.tif,S
2395,537_260_S.tif,S
2396,1855_884_S.tif,S
2397,1131_533_S.tif,S
2398,2192_1035_B.tif,B
2399,1172_553_S.tif,S
2400,1681_800_S.tif,S
2401,1260_592_S.tif,S
2402,1094_515_B.tif,B
2403,2072_978_B.tif,B
2404,1377_652_B.tif,B
2405,2345_1113_S.tif,S
2406,2427_1156_S.tif,S
2407,2295_1082_B.tif,B
2408,313_148_S.tif,S
2409,743_344_B.tif,B
2410,70_34_S.tif,S
2411,2088_985_S.tif,S
2412,1232_579_S.tif,S
2413,1511_721_B.tif,B
2414,71_34_S.tif,S
2415,1342_635_S.tif,S
2416,109_54_S.tif,S
2417,837_390_S.tif,S
2418,1719_817_B.tif,B
2419,1809_865_S.tif,S
2420,1192_562_S.tif,S
2421,2079_981_B.tif,B
2422,90_46_S.tif,S
2423,636_301_S.tif,S
2424,2018_951_B.tif,B
2425,2243_1058_B.tif,B
2426,802_374_S.tif,S
2427,2450_1166_B.tif,B
2428,91_46_S.tif,S
2429,2234_1053_B.tif,B
2430,855_397_B.tif,B
2431,1841_879_S.tif,S
2432,1663_794_S.tif,S
2433,2505_1200_B.tif,B
2434,2522_1210_S.tif,S
2435,21_9_B.tif,B
2436,278_128_S.tif,S
2437,1585_762_B.tif,B
2438,1235_581_S.tif,S
2439,2222_1049_S.tif,S
2440,2184_1029_B.tif,B
2441,1942_920_B.tif,B
2442,870_409_S.tif,S
2443,1296_611_S.tif,S
2444,2425_1155_S.tif,S
2445,1972_931_S.tif,S
2446,1861_887_S.tif,S
2447,343_168_S.tif,S
2448,1129_532_S.tif,S
2449,284_131_S.tif,S
2450,2408_1146_S.tif,S
2451,1956_926_S.tif,S
2452,2189_1032_B.tif,B
2453,395_197_B.tif,B
2454,663_312_S.tif,S
2455,530_258_S.tif,S
2456,2084_984_S.tif,S
2457,1640_784_S.tif,S
2458,1040_486_S.tif,S
2459,2217_1048_S.tif,S
2460,1223_575_S.tif,S
2461,1936_915_B.tif,B
2462,1423_677_S.tif,S
2463,1353_639_S.tif,S
2464,2200_1040_S.tif,S
2465,1156_546_S.tif,S
2466,2553_1228_B.tif,B
2467,2249_1062_B.tif,B
2468,415_204_S.tif,S
2469,2449_1166_S.tif,S
2470,1535_734_B.tif,B
2471,397_198_S.tif,S
2472,640_302_S.tif,S
2473,2317_1097_S.tif,S
2474,813_378_S.tif,S
2475,1000_472_S.tif,S
2476,697_327_B.tif,B
2477,1151_543_S.tif,S
2478,419_205_S.tif,S
2479,1516_726_B.tif,B
2480,2103_993_S.tif,S
2481,2518_1209_S.tif,S
2482,2324_1100_B.tif,B
2483,1620_773_S.tif,S
2484,797_372_S.tif,S
2485,1098_516_B.tif,B
2486,240_115_S.tif,S
2487,2484_1186_S.tif,S
2488,1181_558_S.tif,S
2489,1915_907_B.tif,B
2490,2502_1198_B.tif,B
2491,1408_670_S.tif,S
2492,521_254_S.tif,S
2493,2252_1063_S.tif,S
2494,1417_674_S.tif,S
2495,744_345_S.tif,S
2496,1925_910_B.tif,B
2497,2438_1161_B.tif,B
2498,1656_789_B.tif,B
2499,219_101_B.tif,B
2500,653_307_S.tif,S
2501,2040_960_S.tif,S
2502,1367_644_B.tif,B
2503,1792_852_B.tif,B
2504,2090_986_S.tif,S
2505,852_396_S.tif,S
2506,1896_900_S.tif,S
2507,1762_834_S.tif,S
2508,2598_1247_B.tif,B
2509,1490_712_S.tif,S
2510,86_44_B.tif,B
2511,708_333_B.tif,B
2512,386_190_B.tif,B
2513,2213_1047_B.tif,B
2514,2063_972_S.tif,S
2515,1552_743_B.tif,B
2516,809_374_B.tif,B
2517,866_406_B.tif,B
2518,2015_948_B.tif,B
2519,1142_538_B.tif,B
2520,1469_703_B.tif,B
2521,1787_848_B.tif,B
2522,1211_570_S.tif,S
2523,211_96_S.tif,S
2524,1440_688_S.tif,S
2525,1322_624_S.tif,S
2526,1772_839_S.tif,S
2527,1994_939_S.tif,S
2528,1833_877_S.tif,S
2529,777_361_B.tif,B
2530,2021_952_B.tif,B
2531,2272_1072_S.tif,S
2532,248_119_S.tif,S
2533,357_175_B.tif,B
2534,1821_868_S.tif,S
2535,1794_854_B.tif,B
2536,962_458_B.tif,B
2537,734_342_S.tif,S
2538,1206_567_B.tif,B
2539,2172_1026_S.tif,S
2540,298_139_B.tif,B
2541,80_41_B.tif,B
2542,1944_922_S.tif,S
2543,2444_1164_S.tif,S
2544,1434_684_B.tif,B
2545,1748_830_S.tif,S
2546,2463_1174_B.tif,B
2547,2554_1229_S.tif,S
2548,1570_752_B.tif,B
2549,2586_1242_S.tif,S
2550,1225_575_B.tif,B
2551,2342_1110_B.tif,B
2552,2394_1137_B.tif,B
2553,407_202_S.tif,S
2554,2170_1025_S.tif,S
2555,1948_923_S.tif,S
2556,980_464_S.tif,S
2557,1810_865_S.tif,S
2558,601_290_S.tif,S
2559,2181_1029_S.tif,S
2560,1722_819_S.tif,S
2561,1865_888_S.tif,S
2562,463_227_B.tif,B
2563,733_341_B.tif,B
2564,1943_921_B.tif,B
2565,2065_972_B.tif,B
2566,98_49_S.tif,S
2567,1998_940_S.tif,S
2568,2298_1084_S.tif,S
2569,2550_1226_B.tif,B
2570,2437_1160_B.tif,B
2571,2368_1126_S.tif,S
2572,1612_770_B.tif,B
2573,1764_834_B.tif,B
2574,103_52_B.tif,B
2575,1339_634_S.tif,S
2576,1334_629_B.tif,B
2577,1605_767_S.tif,S
2578,1900_902_S.tif,S
2579,2143_1011_S.tif,S
2580,1700_811_S.tif,S
2581,2260_1067_S.tif,S
2582,1503_718_B.tif,B
2583,1590_765_S.tif,S
2584,646_304_S.tif,S
2585,698_328_S.tif,S
2586,682_319_B.tif,B
2587,1245_584_S.tif,S
2588,2052_966_S.tif,S
2589,2005_943_S.tif,S
2590,1923_910_S.tif,S
2591,1750_831_S.tif,S
2592,2487_1188_S.tif,S
2593,1056_492_B.tif,B
2594,227_105_B.tif,B
2595,996_469_B.tif,B
2596,854_396_B.tif,B
2597,457_224_B.tif,B
2598,2312_1093_S.tif,S
2599,1937_916_B.tif,B
2600,2011_945_B.tif,B
2601,1238_581_S.tif,S
2602,1718_816_B.tif,B
