image_name,label
1_1_H,H
2_1_H,H
3_1_S,S
4_1_S,S
5_1_S,S
6_1_S,S
7_1_S,S
8_1_H,H
9_1_H,H
10_1_H,H
11_1_H,H
12_1_H,H
13_1_H,H
14_1_H,H
15_1_H,H
16_1_H,H
17_1_H,H
18_1_S,S
19_1_S,S
20_1_S,S
21_1_S,S
22_1_H,H
23_1_S,S
24_1_H,H
25_1_H,H
26_1_H,H
27_1_H,H
28_1_H,H
29_1_H,H
30_1_H,H
31_1_H,H
32_1_H,H
33_1_H,H
34_1_B,B
35_2_H,H
36_2_H,H
37_2_H,H
38_2_S,S
39_2_S,S
40_2_S,S
41_2_S,S
42_2_S,S
43_2_H,H
44_2_H,H
45_2_S,S
46_2_S,S
47_2_S,S
48_2_S,S
49_2_S,S
50_2_H,H
51_2_H,H
52_2_H,H
53_2_H,H
54_2_H,H
55_2_H,H
56_2_H,H
57_2_H,H
58_2_H,H
59_2_H,H
60_2_H,H
61_2_H,H
62_2_H,H
63_2_S,S
64_2_H,H
65_2_H,H
66_2_B,B
67_3_B,B
68_4_B,B
69_5_B,B
70_6_B,B
71_7_H,H
72_7_H,H
73_7_H,H
74_7_H,H
75_7_H,H
76_7_H,H
77_7_S,S
78_7_S,S
79_7_H,H
80_7_H,H
81_7_H,H
82_7_H,H
83_7_H,H
84_7_H,H
85_7_H,H
86_7_H,H
87_7_H,H
88_7_H,H
89_7_H,H
90_7_H,H
91_7_H,H
92_7_H,H
93_7_H,H
94_7_H,H
95_7_H,H
96_7_H,H
97_7_H,H
98_7_H,H
99_7_H,H
100_7_H,H
101_7_S,S
102_7_S,S
103_7_S,S
104_7_H,H
105_7_H,H
106_7_H,H
107_7_H,H
108_7_H,H
109_7_H,H
110_7_H,H
111_7_S,S
112_7_H,H
113_7_H,H
114_7_H,H
115_7_H,H
116_7_H,H
117_7_S,S
118_7_S,S
119_7_S,S
120_7_S,S
121_7_S,S
122_7_S,S
123_7_S,S
124_7_H,H
125_7_H,H
126_7_H,H
127_7_H,H
128_7_H,H
129_7_H,H
130_7_H,H
131_7_H,H
132_7_S,S
133_7_S,S
134_7_S,S
135_7_S,S
136_7_H,H
137_7_H,H
138_7_H,H
139_7_H,H
140_7_H,H
141_7_H,H
142_7_H,H
143_7_H,H
144_7_H,H
145_7_H,H
146_7_H,H
147_7_S,S
148_7_H,H
149_7_H,H
150_7_H,H
151_7_H,H
152_7_H,H
153_7_H,H
154_7_H,H
155_7_H,H
156_7_H,H
157_7_H,H
158_7_H,H
159_7_H,H
160_7_H,H
161_7_H,H
162_7_H,H
163_7_S,S
164_7_S,S
165_7_H,H
166_7_H,H
167_7_H,H
168_7_H,H
169_7_H,H
170_7_S,S
171_7_S,S
172_7_S,S
173_7_S,S
174_7_H,H
175_7_S,S
176_7_S,S
177_7_S,S
178_7_S,S
179_7_S,S
180_7_H,H
181_7_H,H
182_7_H,H
183_7_H,H
184_7_H,H
185_7_H,H
186_7_H,H
187_7_H,H
188_7_H,H
189_7_S,S
190_7_S,S
191_7_S,S
192_7_S,S
193_7_S,S
194_7_H,H
195_7_H,H
196_7_S,S
197_7_S,S
198_7_S,S
199_7_S,S
200_7_S,S
201_7_S,S
202_7_H,H
203_7_S,S
204_7_H,H
205_7_H,H
206_7_H,H
207_7_H,H
208_7_H,H
209_7_S,S
210_7_H,H
211_7_H,H
212_7_H,H
213_7_H,H
214_7_H,H
215_7_H,H
216_7_H,H
217_7_S,S
218_7_H,H
219_7_S,S
220_7_S,S
221_7_S,S
222_7_H,H
223_7_S,S
224_7_H,H
225_7_S,S
226_7_H,H
227_7_H,H
228_7_H,H
229_7_H,H
230_7_B,B
231_8_H,H
232_8_H,H
233_8_H,H
234_8_H,H
235_8_H,H
236_8_H,H
237_8_H,H
238_8_H,H
239_8_H,H
240_8_H,H
241_8_H,H
242_8_H,H
243_8_H,H
244_8_H,H
245_8_H,H
246_8_H,H
247_8_H,H
248_8_H,H
249_8_H,H
250_8_H,H
251_8_H,H
252_8_H,H
253_8_H,H
254_8_H,H
255_8_H,H
256_8_S,S
257_8_H,H
258_8_H,H
259_8_S,S
260_8_H,H
261_8_H,H
262_8_S,S
263_8_S,S
264_8_S,S
265_8_S,S
266_8_S,S
267_8_S,S
268_8_S,S
269_8_H,H
270_8_H,H
271_8_S,S
272_8_S,S
273_8_S,S
274_8_S,S
275_8_S,S
276_8_S,S
277_8_H,H
278_8_S,S
279_8_H,H
280_8_H,H
281_8_H,H
282_8_H,H
283_8_H,H
284_8_H,H
285_8_H,H
286_8_H,H
287_8_H,H
288_8_H,H
289_8_H,H
290_8_H,H
291_8_H,H
292_8_H,H
293_8_H,H
294_8_H,H
295_8_S,S
296_8_S,S
297_8_H,H
298_8_H,H
299_8_H,H
300_8_H,H
301_8_H,H
302_8_H,H
303_8_H,H
304_8_H,H
305_8_H,H
306_8_H,H
307_8_H,H
308_8_H,H
309_8_H,H
310_8_H,H
311_8_H,H
312_8_H,H
313_8_H,H
314_8_B,B
315_9_H,H
316_9_H,H
317_9_H,H
318_9_H,H
319_9_H,H
320_9_H,H
321_9_H,H
322_9_H,H
323_9_H,H
324_9_H,H
325_9_H,H
326_9_H,H
327_9_H,H
328_9_H,H
329_9_H,H
330_9_S,S
331_9_H,H
332_9_H,H
333_9_B,B
334_10_H,H
335_10_H,H
336_10_H,H
337_10_H,H
338_10_S,S
339_10_H,H
340_10_H,H
341_10_H,H
342_10_H,H
343_10_H,H
344_10_B,B
345_11_B,B
346_12_H,H
347_12_H,H
348_12_H,H
349_12_H,H
350_12_H,H
351_12_H,H
352_12_B,B
353_13_H,H
354_13_H,H
355_13_H,H
356_13_H,H
357_13_H,H
358_13_H,H
359_13_H,H
360_13_S,S
361_13_S,S
362_13_S,S
363_13_S,S
364_13_S,S
365_13_H,H
366_13_H,H
367_13_H,H
368_13_H,H
369_13_H,H
370_13_H,H
371_13_H,H
372_13_H,H
373_13_S,S
374_13_H,H
375_13_H,H
376_13_H,H
377_13_H,H
378_13_H,H
379_13_H,H
380_13_H,H
381_13_H,H
382_13_H,H
383_13_H,H
384_13_H,H
385_13_H,H
386_13_H,H
387_13_H,H
388_13_H,H
389_13_H,H
390_13_H,H
391_13_H,H
392_13_H,H
393_13_H,H
394_13_H,H
395_13_H,H
396_13_H,H
397_13_H,H
398_13_H,H
399_13_H,H
400_13_H,H
401_13_H,H
402_13_H,H
403_13_H,H
404_13_H,H
405_13_H,H
406_13_H,H
407_13_H,H
408_13_H,H
409_13_H,H
410_13_H,H
411_13_H,H
412_13_H,H
413_13_H,H
414_13_H,H
415_13_H,H
416_13_H,H
417_13_H,H
418_13_H,H
419_13_H,H
420_13_H,H
421_13_H,H
422_13_H,H
423_13_H,H
424_13_H,H
425_13_S,S
426_13_H,H
427_13_S,S
428_13_S,S
429_13_S,S
430_13_H,H
431_13_H,H
432_13_H,H
433_13_H,H
434_13_B,B
435_14_B,B
436_15_H,H
437_15_H,H
438_15_H,H
439_15_H,H
440_15_H,H
441_15_H,H
442_15_H,H
443_15_H,H
444_15_S,S
445_15_H,H
446_15_H,H
447_15_H,H
448_15_H,H
449_15_H,H
450_15_S,S
451_15_S,S
452_15_H,H
453_15_S,S
454_15_H,H
455_15_H,H
456_15_H,H
457_15_S,S
458_15_S,S
459_15_S,S
460_15_S,S
461_15_S,S
462_15_S,S
463_15_S,S
464_15_S,S
465_15_H,H
466_15_H,H
467_15_H,H
468_15_H,H
469_15_H,H
470_15_H,H
471_15_H,H
472_15_H,H
473_15_H,H
474_15_H,H
475_15_H,H
476_15_H,H
477_15_S,S
478_15_S,S
479_15_S,S
480_15_S,S
481_15_S,S
482_15_H,H
483_15_S,S
484_15_H,H
485_15_H,H
486_15_H,H
487_15_H,H
488_15_H,H
489_15_H,H
490_15_H,H
491_15_H,H
492_15_H,H
493_15_H,H
494_15_H,H
495_15_H,H
496_15_H,H
497_15_H,H
498_15_H,H
499_15_H,H
500_15_H,H
501_15_H,H
502_15_H,H
503_15_H,H
504_15_H,H
505_15_B,B
506_16_H,H
507_16_H,H
508_16_H,H
509_16_H,H
510_16_H,H
511_16_H,H
512_16_H,H
513_16_H,H
514_16_H,H
515_16_H,H
516_16_H,H
517_16_H,H
518_16_H,H
519_16_H,H
520_16_H,H
521_16_H,H
522_16_H,H
523_16_B,B
524_17_H,H
525_17_H,H
526_17_H,H
527_17_H,H
528_17_H,H
529_17_H,H
530_17_H,H
531_17_H,H
532_17_H,H
533_17_H,H
534_17_H,H
535_17_H,H
536_17_H,H
537_17_H,H
538_17_H,H
539_17_H,H
540_17_H,H
541_17_H,H
542_17_H,H
543_17_H,H
544_17_H,H
545_17_H,H
546_17_H,H
547_17_H,H
548_17_H,H
549_17_H,H
550_17_H,H
551_17_H,H
552_17_H,H
553_17_H,H
554_17_H,H
555_17_H,H
556_17_H,H
557_17_H,H
558_17_H,H
559_17_S,S
560_17_S,S
561_17_H,H
562_17_H,H
563_17_H,H
564_17_H,H
565_17_H,H
566_17_H,H
567_17_H,H
568_17_H,H
569_17_H,H
570_17_H,H
571_17_H,H
572_17_H,H
573_17_H,H
574_17_S,S
575_17_S,S
576_17_S,S
577_17_S,S
578_17_H,H
579_17_H,H
580_17_H,H
581_17_H,H
582_17_H,H
583_17_H,H
584_17_H,H
585_17_H,H
586_17_H,H
587_17_H,H
588_17_H,H
589_17_H,H
590_17_H,H
591_17_H,H
592_17_H,H
593_17_H,H
594_17_H,H
595_17_H,H
596_17_H,H
597_17_H,H
598_17_H,H
599_17_H,H
600_17_H,H
601_17_H,H
602_17_H,H
603_17_H,H
604_17_H,H
605_17_H,H
606_17_H,H
607_17_H,H
608_17_H,H
609_17_H,H
610_17_H,H
611_17_H,H
612_17_H,H
613_17_H,H
614_17_S,S
615_17_S,S
616_17_S,S
617_17_S,S
618_17_H,H
619_17_H,H
620_17_H,H
621_17_H,H
622_17_H,H
623_17_H,H
624_17_S,S
625_17_H,H
626_17_H,H
627_17_H,H
628_17_H,H
629_17_H,H
630_17_H,H
631_17_H,H
632_17_H,H
633_17_H,H
634_17_H,H
635_17_H,H
636_17_H,H
637_17_H,H
638_17_B,B
639_18_H,H
640_18_H,H
641_18_H,H
642_18_S,S
643_18_H,H
644_18_H,H
645_18_H,H
646_18_H,H
647_18_H,H
648_18_H,H
649_18_H,H
650_18_H,H
651_18_S,S
652_18_H,H
653_18_S,S
654_18_H,H
655_18_H,H
656_18_H,H
657_18_H,H
658_18_H,H
659_18_S,S
660_18_S,S
661_18_H,H
662_18_H,H
663_18_H,H
664_18_S,S
665_18_S,S
666_18_S,S
667_18_S,S
668_18_H,H
669_18_H,H
670_18_H,H
671_18_H,H
672_18_H,H
673_18_H,H
674_18_H,H
675_18_H,H
676_18_H,H
677_18_H,H
678_18_H,H
679_18_H,H
680_18_H,H
681_18_H,H
682_18_H,H
683_18_H,H
684_18_H,H
685_18_H,H
686_18_H,H
687_18_H,H
688_18_H,H
689_18_H,H
690_18_H,H
691_18_H,H
692_18_H,H
693_18_H,H
694_18_H,H
695_18_H,H
696_18_H,H
697_18_H,H
698_18_H,H
699_18_H,H
700_18_H,H
701_18_H,H
702_18_H,H
703_18_H,H
704_18_H,H
705_18_H,H
706_18_S,S
707_18_H,H
708_18_H,H
709_18_H,H
710_18_H,H
711_18_H,H
712_18_S,S
713_18_H,H
714_18_S,S
715_18_H,H
716_18_H,H
717_18_H,H
718_18_H,H
719_18_H,H
720_18_H,H
721_18_H,H
722_18_H,H
723_18_H,H
724_18_H,H
725_18_H,H
726_18_H,H
727_18_S,S
728_18_H,H
729_18_H,H
730_18_H,H
731_18_H,H
732_18_H,H
733_18_H,H
734_18_S,S
735_18_H,H
736_18_S,S
737_18_H,H
738_18_H,H
739_18_S,S
740_18_S,S
741_18_S,S
742_18_S,S
743_18_S,S
744_18_H,H
745_18_H,H
746_18_S,S
747_18_H,H
748_18_H,H
749_18_H,H
750_18_H,H
751_18_H,H
752_18_H,H
753_18_H,H
754_18_S,S
755_18_S,S
756_18_S,S
757_18_S,S
758_18_S,S
759_18_H,H
760_18_H,H
761_18_H,H
762_18_H,H
763_18_H,H
764_18_H,H
765_18_H,H
766_18_H,H
767_18_H,H
768_18_H,H
769_18_H,H
770_18_H,H
771_18_H,H
772_18_H,H
773_18_H,H
774_18_H,H
775_18_H,H
776_18_H,H
777_18_H,H
778_18_H,H
779_18_H,H
780_18_H,H
781_18_H,H
782_18_H,H
783_18_H,H
784_18_H,H
785_18_H,H
786_18_H,H
787_18_H,H
788_18_H,H
789_18_H,H
790_18_H,H
791_18_H,H
792_18_H,H
793_18_H,H
794_18_H,H
795_18_H,H
796_18_S,S
797_18_H,H
798_18_H,H
799_18_H,H
800_18_H,H
801_18_H,H
802_18_H,H
803_18_H,H
804_18_H,H
805_18_H,H
806_18_H,H
807_18_H,H
808_18_H,H
809_18_S,S
810_18_S,S
811_18_S,S
812_18_H,H
813_18_S,S
814_18_H,H
815_18_S,S
816_18_S,S
817_18_S,S
818_18_S,S
819_18_H,H
820_18_H,H
821_18_H,H
822_18_H,H
823_18_H,H
824_18_H,H
825_18_H,H
826_18_H,H
827_18_H,H
828_18_H,H
829_18_H,H
830_18_H,H
831_18_H,H
832_18_H,H
833_18_H,H
834_18_S,S
835_18_S,S
836_18_H,H
837_18_H,H
838_18_H,H
839_18_H,H
840_18_H,H
841_18_H,H
842_18_H,H
843_18_H,H
844_18_H,H
845_18_H,H
846_18_H,H
847_18_S,S
848_18_S,S
849_18_H,H
850_18_H,H
851_18_H,H
852_18_H,H
853_18_H,H
854_18_H,H
855_18_H,H
856_18_H,H
857_18_S,S
858_18_S,S
859_18_H,H
860_18_H,H
861_18_H,H
862_18_H,H
863_18_S,S
864_18_S,S
865_18_H,H
866_18_H,H
867_18_H,H
868_18_H,H
869_18_H,H
870_18_H,H
871_18_H,H
872_18_H,H
873_18_H,H
874_18_H,H
875_18_H,H
876_18_H,H
877_18_H,H
878_18_H,H
879_18_H,H
880_18_H,H
881_18_H,H
882_18_H,H
883_18_H,H
884_18_H,H
885_18_H,H
886_18_H,H
887_18_H,H
888_18_H,H
889_18_H,H
890_18_H,H
891_18_H,H
892_18_H,H
893_18_H,H
894_18_H,H
895_18_H,H
896_18_H,H
897_18_H,H
898_18_H,H
899_18_S,S
900_18_H,H
901_18_H,H
902_18_H,H
903_18_H,H
904_18_H,H
905_18_H,H
906_18_H,H
907_18_H,H
908_18_H,H
909_18_H,H
910_18_H,H
911_18_H,H
912_18_H,H
913_18_S,S
914_18_H,H
915_18_H,H
916_18_S,S
917_18_S,S
918_18_H,H
919_18_H,H
920_18_H,H
921_18_H,H
922_18_H,H
923_18_H,H
924_18_H,H
925_18_H,H
926_18_H,H
927_18_H,H
928_18_H,H
929_18_H,H
930_18_H,H
931_18_H,H
932_18_H,H
933_18_H,H
934_18_H,H
935_18_H,H
936_18_H,H
937_18_H,H
938_18_H,H
939_18_H,H
940_18_H,H
941_18_H,H
942_18_S,S
943_18_H,H
944_18_H,H
945_18_H,H
946_18_H,H
947_18_H,H
948_18_H,H
949_18_H,H
950_18_H,H
951_18_H,H
952_18_H,H
953_18_H,H
954_18_H,H
955_18_H,H
956_18_H,H
957_18_H,H
958_18_H,H
959_18_H,H
960_18_H,H
961_18_H,H
962_18_H,H
963_18_H,H
964_18_H,H
965_18_H,H
966_18_H,H
967_18_H,H
968_18_H,H
969_18_H,H
970_18_H,H
971_18_H,H
972_18_H,H
973_18_H,H
974_18_H,H
975_18_H,H
976_18_H,H
977_18_H,H
978_18_H,H
979_18_H,H
980_18_H,H
981_18_H,H
982_18_S,S
983_18_S,S
984_18_S,S
985_18_S,S
986_18_H,H
987_18_H,H
988_18_H,H
989_18_H,H
990_18_H,H
991_18_S,S
992_18_H,H
993_18_H,H
994_18_H,H
995_18_S,S
996_18_S,S
997_18_S,S
998_18_S,S
999_18_S,S
1000_18_H,H
1001_18_H,H
1002_18_H,H
1003_18_H,H
1004_18_H,H
1005_18_H,H
1006_18_H,H
1007_18_H,H
1008_18_H,H
1009_18_H,H
1010_18_H,H
1011_18_H,H
1012_18_H,H
1013_18_H,H
1014_18_H,H
1015_18_H,H
1016_18_H,H
1017_18_S,S
1018_18_H,H
1019_18_H,H
1020_18_H,H
1021_18_H,H
1022_18_H,H
1023_18_H,H
1024_18_H,H
1025_18_H,H
1026_18_H,H
1027_18_S,S
1028_18_S,S
1029_18_S,S
1030_18_S,S
1031_18_H,H
1032_18_H,H
1033_18_H,H
1034_18_H,H
1035_18_H,H
1036_18_H,H
1037_18_H,H
1038_18_H,H
1039_18_H,H
1040_18_H,H
1041_18_H,H
1042_18_H,H
1043_18_H,H
1044_18_H,H
1045_18_H,H
1046_18_S,S
1047_18_H,H
1048_18_H,H
1049_18_H,H
1050_18_H,H
1051_18_H,H
1052_18_H,H
1053_18_S,S
1054_18_H,H
1055_18_H,H
1056_18_H,H
1057_18_H,H
1058_18_H,H
1059_18_H,H
1060_18_H,H
1061_18_H,H
1062_18_H,H
1063_18_H,H
1064_18_H,H
1065_18_H,H
1066_18_H,H
1067_18_H,H
1068_18_H,H
1069_18_H,H
1070_18_H,H
1071_18_H,H
1072_18_H,H
1073_18_H,H
1074_18_H,H
1075_18_H,H
1076_18_H,H
1077_18_H,H
1078_18_H,H
1079_18_H,H
1080_18_H,H
1081_18_H,H
1082_18_H,H
1083_18_H,H
1084_18_H,H
1085_18_H,H
1086_18_H,H
1087_18_H,H
1088_18_H,H
1089_18_H,H
1090_18_H,H
1091_18_H,H
1092_18_H,H
1093_18_H,H
1094_18_H,H
1095_18_H,H
1096_18_H,H
1097_18_H,H
1098_18_H,H
1099_18_H,H
1100_18_H,H
1101_18_H,H
1102_18_H,H
1103_18_H,H
1104_18_H,H
1105_18_H,H
1106_18_H,H
1107_18_H,H
1108_18_H,H
1109_18_H,H
1110_18_H,H
1111_18_H,H
1112_18_H,H
1113_18_H,H
1114_18_H,H
1115_18_S,S
1116_18_H,H
1117_18_H,H
1118_18_H,H
1119_18_H,H
1120_18_H,H
1121_18_H,H
1122_18_H,H
1123_18_H,H
1124_18_H,H
1125_18_H,H
1126_18_S,S
1127_18_H,H
1128_18_H,H
1129_18_H,H
1130_18_H,H
1131_18_H,H
1132_18_H,H
1133_18_H,H
1134_18_H,H
1135_18_H,H
1136_18_H,H
1137_18_H,H
1138_18_H,H
1139_18_H,H
1140_18_H,H
1141_18_H,H
1142_18_H,H
1143_18_H,H
1144_18_H,H
1145_18_H,H
1146_18_H,H
1147_18_H,H
1148_18_H,H
1149_18_H,H
1150_18_H,H
1151_18_H,H
1152_18_H,H
1153_18_H,H
1154_18_H,H
1155_18_H,H
1156_18_H,H
1157_18_H,H
1158_18_H,H
1159_18_H,H
1160_18_H,H
1161_18_H,H
1162_18_H,H
1163_18_H,H
1164_18_H,H
1165_18_H,H
1166_18_H,H
1167_18_H,H
1168_18_H,H
1169_18_H,H
1170_18_H,H
1171_18_H,H
1172_18_H,H
1173_18_H,H
1174_18_H,H
1175_18_H,H
1176_18_H,H
1177_18_H,H
1178_18_H,H
1179_18_H,H
1180_18_H,H
1181_18_H,H
1182_18_H,H
1183_18_H,H
1184_18_S,S
1185_18_H,H
1186_18_H,H
1187_18_H,H
1188_18_H,H
1189_18_H,H
1190_18_H,H
1191_18_H,H
1192_18_S,S
1193_18_H,H
1194_18_H,H
1195_18_H,H
1196_18_H,H
1197_18_H,H
1198_18_H,H
1199_18_H,H
1200_18_H,H
1201_18_H,H
1202_18_H,H
1203_18_H,H
1204_18_S,S
1205_18_S,S
1206_18_S,S
1207_18_S,S
1208_18_H,H
1209_18_H,H
1210_18_H,H
1211_18_H,H
1212_18_H,H
1213_18_H,H
1214_18_H,H
1215_18_H,H
1216_18_H,H
1217_18_H,H
1218_18_H,H
1219_18_H,H
1220_18_H,H
1221_18_S,S
1222_18_H,H
1223_18_H,H
1224_18_H,H
1225_18_H,H
1226_18_H,H
1227_18_H,H
1228_18_S,S
1229_18_S,S
1230_18_S,S
1231_18_H,H
1232_18_S,S
1233_18_H,H
1234_18_S,S
1235_18_S,S
1236_18_S,S
1237_18_S,S
1238_18_S,S
1239_18_H,H
1240_18_H,H
1241_18_H,H
1242_18_H,H
1243_18_H,H
1244_18_H,H
1245_18_H,H
1246_18_H,H
1247_18_H,H
1248_18_S,S
1249_18_S,S
1250_18_H,H
1251_18_H,H
1252_18_H,H
1253_18_H,H
1254_18_H,H
1255_18_H,H
1256_18_H,H
1257_18_H,H
1258_18_H,H
1259_18_H,H
1260_18_H,H
1261_18_H,H
1262_18_H,H
1263_18_H,H
1264_18_H,H
1265_18_H,H
1266_18_H,H
1267_18_H,H
1268_18_H,H
1269_18_H,H
1270_18_H,H
1271_18_H,H
1272_18_H,H
1273_18_H,H
1274_18_H,H
1275_18_H,H
1276_18_H,H
1277_18_H,H
1278_18_H,H
1279_18_H,H
1280_18_H,H
1281_18_H,H
1282_18_H,H
1283_18_H,H
1284_18_H,H
1285_18_H,H
1286_18_H,H
1287_18_H,H
1288_18_H,H
1289_18_H,H
1290_18_H,H
1291_18_H,H
1292_18_H,H
1293_18_H,H
1294_18_H,H
1295_18_S,S
1296_18_S,S
1297_18_S,S
1298_18_S,S
1299_18_S,S
1300_18_S,S
1301_18_H,H
1302_18_H,H
1303_18_S,S
1304_18_S,S
1305_18_H,H
1306_18_S,S
1307_18_H,H
1308_18_H,H
1309_18_H,H
1310_18_H,H
1311_18_H,H
1312_18_H,H
1313_18_H,H
1314_18_B,B
1315_19_B,B
1316_20_H,H
1317_20_B,B
1318_21_H,H
1319_21_H,H
1320_21_H,H
1321_21_H,H
1322_21_H,H
1323_21_S,S
1324_21_S,S
1325_21_S,S
1326_21_S,S
1327_21_S,S
1328_21_S,S
1329_21_S,S
1330_21_S,S
1331_21_S,S
1332_21_S,S
1333_21_H,H
1334_21_S,S
1335_21_S,S
1336_21_S,S
1337_21_S,S
1338_21_S,S
1339_21_H,H
1340_21_H,H
1341_21_H,H
1342_21_H,H
1343_21_H,H
1344_21_H,H
1345_21_H,H
1346_21_H,H
1347_21_H,H
1348_21_H,H
1349_21_H,H
1350_21_H,H
1351_21_H,H
1352_21_H,H
1353_21_H,H
1354_21_H,H
1355_21_S,S
1356_21_H,H
1357_21_H,H
1358_21_H,H
1359_21_H,H
1360_21_B,B
1361_22_H,H
1362_22_H,H
1363_22_H,H
1364_22_H,H
1365_22_H,H
1366_22_H,H
1367_22_H,H
1368_22_H,H
1369_22_H,H
1370_22_H,H
1371_22_H,H
1372_22_H,H
1373_22_H,H
1374_22_H,H
1375_22_H,H
1376_22_H,H
1377_22_H,H
1378_22_H,H
1379_22_H,H
1380_22_H,H
1381_22_H,H
1382_22_H,H
1383_22_H,H
1384_22_H,H
1385_22_H,H
1386_22_H,H
1387_22_H,H
1388_22_H,H
1389_22_B,B
1390_23_H,H
1391_23_H,H
1392_23_H,H
1393_23_H,H
1394_23_H,H
1395_23_H,H
1396_23_H,H
1397_23_H,H
1398_23_H,H
1399_23_H,H
1400_23_H,H
1401_23_H,H
1402_23_H,H
1403_23_H,H
1404_23_H,H
1405_23_S,S
1406_23_S,S
1407_23_H,H
1408_23_H,H
1409_23_H,H
1410_23_H,H
1411_23_H,H
1412_23_H,H
1413_23_H,H
1414_23_H,H
1415_23_H,H
1416_23_H,H
1417_23_H,H
1418_23_H,H
1419_23_S,S
1420_23_H,H
1421_23_S,S
1422_23_S,S
1423_23_S,S
1424_23_H,H
1425_23_H,H
1426_23_H,H
1427_23_H,H
1428_23_H,H
1429_23_H,H
1430_23_H,H
1431_23_H,H
1432_23_H,H
1433_23_H,H
1434_23_H,H
1435_23_H,H
1436_23_H,H
1437_23_H,H
1438_23_H,H
1439_23_H,H
1440_23_H,H
1441_23_H,H
1442_23_H,H
1443_23_H,H
1444_23_H,H
1445_23_H,H
1446_23_H,H
1447_23_H,H
1448_23_H,H
1449_23_H,H
1450_23_H,H
1451_23_H,H
1452_23_H,H
1453_23_H,H
1454_23_S,S
1455_23_H,H
1456_23_H,H
1457_23_H,H
1458_23_H,H
1459_23_H,H
1460_23_H,H
1461_23_H,H
1462_23_H,H
1463_23_H,H
1464_23_H,H
1465_23_H,H
1466_23_H,H
1467_23_H,H
1468_23_H,H
1469_23_H,H
1470_23_H,H
1471_23_H,H
1472_23_H,H
1473_23_H,H
1474_23_H,H
1475_23_H,H
1476_23_H,H
1477_23_H,H
1478_23_H,H
1479_23_H,H
1480_23_H,H
1481_23_H,H
1482_23_H,H
1483_23_H,H
1484_23_H,H
1485_23_H,H
1486_23_S,S
1487_23_S,S
1488_23_S,S
1489_23_H,H
1490_23_H,H
1491_23_H,H
1492_23_H,H
1493_23_H,H
1494_23_B,B
1495_24_B,B
1496_25_H,H
1497_25_H,H
1498_25_H,H
1499_25_H,H
1500_25_H,H
1501_25_H,H
1502_25_H,H
1503_25_H,H
1504_25_H,H
1505_25_H,H
1506_25_H,H
1507_25_H,H
1508_25_H,H
1509_25_H,H
1510_25_H,H
1511_25_H,H
1512_25_H,H
1513_25_H,H
1514_25_H,H
1515_25_H,H
1516_25_H,H
1517_25_H,H
1518_25_H,H
1519_25_H,H
1520_25_S,S
1521_25_H,H
1522_25_H,H
1523_25_H,H
1524_25_H,H
1525_25_H,H
1526_25_H,H
1527_25_H,H
1528_25_H,H
1529_25_H,H
1530_25_H,H
1531_25_H,H
1532_25_H,H
1533_25_H,H
1534_25_H,H
1535_25_H,H
1536_25_H,H
1537_25_H,H
1538_25_H,H
1539_25_H,H
1540_25_H,H
1541_25_H,H
1542_25_H,H
1543_25_H,H
1544_25_H,H
1545_25_H,H
1546_25_H,H
1547_25_H,H
1548_25_H,H
1549_25_H,H
1550_25_H,H
1551_25_H,H
1552_25_H,H
1553_25_H,H
1554_25_H,H
1555_25_H,H
1556_25_H,H
1557_25_H,H
1558_25_S,S
1559_25_H,H
1560_25_H,H
1561_25_H,H
1562_25_H,H
1563_25_H,H
1564_25_H,H
1565_25_H,H
1566_25_H,H
1567_25_H,H
1568_25_S,S
1569_25_H,H
1570_25_H,H
1571_25_H,H
1572_25_H,H
1573_25_H,H
1574_25_H,H
1575_25_H,H
1576_25_H,H
1577_25_H,H
1578_25_H,H
1579_25_H,H
1580_25_H,H
1581_25_H,H
1582_25_H,H
1583_25_H,H
1584_25_H,H
1585_25_H,H
1586_25_H,H
1587_25_H,H
1588_25_H,H
1589_25_H,H
1590_25_H,H
1591_25_H,H
1592_25_H,H
1593_25_H,H
1594_25_H,H
1595_25_H,H
1596_25_H,H
1597_25_H,H
1598_25_H,H
1599_25_H,H
1600_25_H,H
1601_25_H,H
1602_25_H,H
1603_25_H,H
1604_25_H,H
1605_25_H,H
1606_25_H,H
1607_25_H,H
1608_25_H,H
1609_25_H,H
1610_25_H,H
1611_25_H,H
1612_25_H,H
1613_25_H,H
1614_25_H,H
1615_25_H,H
1616_25_H,H
1617_25_H,H
1618_25_H,H
1619_25_H,H
1620_25_H,H
1621_25_H,H
1622_25_H,H
1623_25_H,H
1624_25_H,H
1625_25_H,H
1626_25_H,H
1627_25_S,S
1628_25_H,H
1629_25_H,H
1630_25_H,H
1631_25_H,H
1632_25_H,H
1633_25_H,H
1634_25_H,H
1635_25_H,H
1636_25_H,H
1637_25_H,H
1638_25_H,H
1639_25_S,S
1640_25_S,S
1641_25_S,S
1642_25_S,S
1643_25_S,S
1644_25_H,H
1645_25_H,H
1646_25_H,H
1647_25_H,H
1648_25_H,H
1649_25_H,H
1650_25_H,H
1651_25_H,H
1652_25_H,H
1653_25_H,H
1654_25_H,H
1655_25_H,H
1656_25_H,H
1657_25_S,S
1658_25_H,H
1659_25_S,S
1660_25_S,S
1661_25_H,H
1662_25_H,H
1663_25_H,H
1664_25_H,H
1665_25_H,H
1666_25_H,H
1667_25_S,S
1668_25_H,H
1669_25_H,H
1670_25_H,H
1671_25_H,H
1672_25_H,H
1673_25_H,H
1674_25_H,H
1675_25_H,H
1676_25_H,H
1677_25_H,H
1678_25_H,H
1679_25_H,H
1680_25_H,H
1681_25_H,H
1682_25_H,H
1683_25_H,H
1684_25_S,S
1685_25_H,H
1686_25_H,H
1687_25_H,H
1688_25_S,S
1689_25_H,H
1690_25_S,S
1691_25_S,S
1692_25_S,S
1693_25_H,H
1694_25_H,H
1695_25_H,H
1696_25_H,H
1697_25_H,H
1698_25_H,H
1699_25_H,H
1700_25_H,H
1701_25_H,H
1702_25_H,H
1703_25_H,H
1704_25_H,H
1705_25_H,H
1706_25_H,H
1707_25_H,H
1708_25_H,H
1709_25_H,H
1710_25_H,H
1711_25_H,H
1712_25_H,H
1713_25_H,H
1714_25_H,H
1715_25_H,H
1716_25_H,H
1717_25_S,S
1718_25_H,H
1719_25_H,H
1720_25_H,H
1721_25_H,H
1722_25_H,H
1723_25_S,S
1724_25_S,S
1725_25_S,S
1726_25_S,S
1727_25_S,S
1728_25_H,H
1729_25_H,H
1730_25_H,H
1731_25_H,H
1732_25_H,H
1733_25_H,H
1734_25_H,H
1735_25_H,H
1736_25_H,H
1737_25_S,S
1738_25_H,H
1739_25_H,H
1740_25_H,H
1741_25_H,H
1742_25_H,H
1743_25_H,H
1744_25_H,H
1745_25_H,H
1746_25_H,H
1747_25_H,H
1748_25_H,H
1749_25_H,H
1750_25_H,H
1751_25_H,H
1752_25_H,H
1753_25_H,H
1754_25_H,H
1755_25_H,H
1756_25_H,H
1757_25_H,H
1758_25_H,H
1759_25_H,H
1760_25_H,H
1761_25_H,H
1762_25_H,H
1763_25_H,H
1764_25_H,H
1765_25_H,H
1766_25_S,S
1767_25_S,S
1768_25_S,S
1769_25_S,S
1770_25_S,S
1771_25_S,S
1772_25_S,S
1773_25_S,S
1774_25_S,S
1775_25_S,S
1776_25_H,H
1777_25_H,H
1778_25_H,H
1779_25_H,H
1780_25_H,H
1781_25_H,H
1782_25_H,H
1783_25_H,H
1784_25_H,H
1785_25_H,H
1786_25_H,H
1787_25_H,H
1788_25_H,H
1789_25_H,H
1790_25_H,H
1791_25_H,H
1792_25_H,H
1793_25_S,S
1794_25_S,S
1795_25_H,H
1796_25_H,H
1797_25_H,H
1798_25_B,B
1799_26_H,H
1800_26_H,H
1801_26_H,H
1802_26_H,H
1803_26_H,H
1804_26_B,B
1805_27_B,B
1806_28_B,B
1807_29_H,H
1808_29_H,H
1809_29_H,H
1810_29_S,S
1811_29_S,S
1812_29_H,H
1813_29_B,B
1814_30_B,B
1815_31_B,B
1816_32_B,B
1817_33_B,B
1818_34_H,H
1819_34_H,H
1820_34_S,S
1821_34_S,S
1822_34_H,H
1823_34_S,S
1824_34_S,S
1825_34_H,H
1826_34_S,S
1827_34_S,S
1828_34_S,S
1829_34_S,S
1830_34_H,H
1831_34_H,H
1832_34_H,H
1833_34_H,H
1834_34_H,H
1835_34_H,H
1836_34_H,H
1837_34_H,H
1838_34_H,H
1839_34_H,H
1840_34_H,H
1841_34_H,H
1842_34_B,B
1843_35_B,B
1844_36_H,H
1845_36_H,H
1846_36_H,H
1847_36_H,H
1848_36_S,S
1849_36_H,H
1850_36_H,H
1851_36_H,H
1852_36_H,H
1853_36_S,S
1854_36_H,H
1855_36_S,S
1856_36_S,S
1857_36_S,S
1858_36_H,H
1859_36_H,H
1860_36_H,H
1861_36_H,H
1862_36_H,H
1863_36_H,H
1864_36_H,H
1865_36_H,H
1866_36_H,H
1867_36_H,H
1868_36_H,H
1869_36_H,H
1870_36_H,H
1871_36_H,H
1872_36_H,H
1873_36_H,H
1874_36_H,H
1875_36_H,H
1876_36_H,H
1877_36_H,H
1878_36_H,H
1879_36_H,H
1880_36_H,H
1881_36_H,H
1882_36_H,H
1883_36_H,H
1884_36_H,H
1885_36_H,H
1886_36_H,H
1887_36_H,H
1888_36_H,H
1889_36_H,H
1890_36_H,H
1891_36_S,S
1892_36_S,S
1893_36_S,S
1894_36_S,S
1895_36_S,S
1896_36_S,S
1897_36_H,H
1898_36_H,H
1899_36_S,S
1900_36_H,H
1901_36_H,H
1902_36_H,H
1903_36_H,H
1904_36_H,H
1905_36_H,H
1906_36_H,H
1907_36_H,H
1908_36_H,H
1909_36_H,H
1910_36_H,H
1911_36_H,H
1912_36_S,S
1913_36_S,S
1914_36_S,S
1915_36_S,S
1916_36_S,S
1917_36_H,H
1918_36_H,H
1919_36_H,H
1920_36_H,H
1921_36_H,H
1922_36_H,H
1923_36_H,H
1924_36_H,H
1925_36_H,H
1926_36_H,H
1927_36_H,H
1928_36_H,H
1929_36_H,H
1930_36_H,H
1931_36_H,H
1932_36_H,H
1933_36_H,H
1934_36_H,H
1935_36_H,H
1936_36_H,H
1937_36_S,S
1938_36_H,H
1939_36_H,H
1940_36_H,H
1941_36_H,H
1942_36_H,H
1943_36_H,H
1944_36_S,S
1945_36_S,S
1946_36_S,S
1947_36_S,S
1948_36_H,H
1949_36_H,H
1950_36_H,H
1951_36_H,H
1952_36_H,H
1953_36_H,H
1954_36_H,H
1955_36_H,H
1956_36_H,H
1957_36_H,H
1958_36_S,S
1959_36_S,S
1960_36_H,H
1961_36_H,H
1962_36_S,S
1963_36_H,H
1964_36_H,H
1965_36_H,H
1966_36_H,H
1967_36_H,H
1968_36_H,H
1969_36_H,H
1970_36_H,H
1971_36_H,H
1972_36_S,S
1973_36_S,S
1974_36_S,S
1975_36_S,S
1976_36_S,S
1977_36_H,H
1978_36_H,H
1979_36_H,H
1980_36_H,H
1981_36_H,H
1982_36_H,H
1983_36_S,S
1984_36_S,S
1985_36_S,S
1986_36_S,S
1987_36_S,S
1988_36_S,S
1989_36_S,S
1990_36_S,S
1991_36_S,S
1992_36_S,S
1993_36_S,S
1994_36_S,S
1995_36_S,S
1996_36_S,S
1997_36_H,H
1998_36_H,H
1999_36_H,H
2000_36_H,H
2001_36_H,H
2002_36_H,H
2003_36_H,H
2004_36_H,H
2005_36_B,B
2006_37_H,H
2007_37_H,H
2008_37_H,H
2009_37_H,H
2010_37_H,H
2011_37_H,H
2012_37_H,H
2013_37_H,H
2014_37_S,S
2015_37_S,S
2016_37_H,H
2017_37_S,S
2018_37_S,S
2019_37_S,S
2020_37_S,S
2021_37_S,S
2022_37_S,S
2023_37_S,S
2024_37_H,H
2025_37_H,H
2026_37_H,H
2027_37_B,B
2028_38_B,B
2029_39_H,H
2030_39_H,H
2031_39_H,H
2032_39_H,H
2033_39_H,H
2034_39_H,H
2035_39_H,H
2036_39_H,H
2037_39_H,H
2038_39_H,H
2039_39_H,H
2040_39_S,S
2041_39_S,S
2042_39_S,S
2043_39_H,H
2044_39_H,H
2045_39_H,H
2046_39_H,H
2047_39_H,H
2048_39_H,H
2049_39_H,H
2050_39_S,S
2051_39_S,S
2052_39_S,S
2053_39_S,S
2054_39_H,H
2055_39_H,H
2056_39_H,H
2057_39_H,H
2058_39_H,H
2059_39_H,H
2060_39_H,H
2061_39_H,H
2062_39_H,H
2063_39_H,H
2064_39_H,H
2065_39_H,H
2066_39_H,H
2067_39_H,H
2068_39_H,H
2069_39_H,H
2070_39_H,H
2071_39_H,H
2072_39_H,H
2073_39_S,S
2074_39_S,S
2075_39_H,H
2076_39_H,H
2077_39_H,H
2078_39_H,H
2079_39_H,H
2080_39_H,H
2081_39_H,H
2082_39_H,H
2083_39_H,H
2084_39_H,H
2085_39_H,H
2086_39_H,H
2087_39_H,H
2088_39_H,H
2089_39_H,H
2090_39_S,S
2091_39_S,S
2092_39_S,S
2093_39_S,S
2094_39_S,S
2095_39_H,H
2096_39_H,H
2097_39_H,H
2098_39_S,S
2099_39_S,S
2100_39_S,S
2101_39_S,S
2102_39_S,S
2103_39_H,H
2104_39_B,B
2105_40_B,B
2106_41_B,B
2107_42_B,B
2108_43_S,S
2109_43_S,S
2110_43_S,S
2111_43_S,S
2112_43_S,S
2113_43_S,S
2114_43_H,H
2115_43_S,S
2116_43_S,S
2117_43_S,S
2118_43_S,S
2119_43_S,S
2120_43_H,H
2121_43_H,H
2122_43_B,B
2123_44_H,H
2124_44_H,H
2125_44_S,S
2126_44_H,H
2127_44_H,H
2128_44_H,H
2129_44_H,H
2130_44_H,H
2131_44_H,H
2132_44_H,H
2133_44_H,H
2134_44_H,H
2135_44_H,H
2136_44_H,H
2137_44_H,H
2138_44_S,S
2139_44_S,S
2140_44_S,S
2141_44_S,S
2142_44_S,S
2143_44_S,S
2144_44_S,S
2145_44_H,H
2146_44_H,H
2147_44_H,H
2148_44_H,H
2149_44_H,H
2150_44_H,H
2151_44_H,H
2152_44_H,H
2153_44_H,H
2154_44_H,H
2155_44_H,H
2156_44_H,H
2157_44_H,H
2158_44_H,H
2159_44_H,H
2160_44_B,B
2161_45_H,H
2162_45_H,H
2163_45_H,H
2164_45_H,H
2165_45_S,S
2166_45_H,H
2167_45_H,H
2168_45_S,S
2169_45_S,S
2170_45_S,S
2171_45_S,S
2172_45_S,S
2173_45_H,H
2174_45_H,H
2175_45_H,H
2176_45_H,H
2177_45_H,H
2178_45_H,H
2179_45_S,S
2180_45_S,S
2181_45_S,S
2182_45_S,S
2183_45_S,S
2184_45_S,S
2185_45_S,S
2186_45_S,S
2187_45_S,S
2188_45_S,S
2189_45_S,S
2190_45_H,H
2191_45_H,H
2192_45_H,H
2193_45_H,H
2194_45_H,H
2195_45_H,H
2196_45_H,H
2197_45_H,H
2198_45_H,H
2199_45_H,H
2200_45_H,H
2201_45_H,H
2202_45_B,B
2203_46_B,B
2204_47_H,H
2205_47_H,H
2206_47_H,H
2207_47_H,H
2208_47_H,H
2209_47_H,H
2210_47_H,H
2211_47_H,H
2212_47_S,S
2213_47_S,S
2214_47_H,H
2215_47_H,H
2216_47_H,H
2217_47_H,H
2218_47_H,H
2219_47_H,H
2220_47_H,H
2221_47_H,H
2222_47_H,H
2223_47_H,H
2224_47_B,B
2225_48_H,H
2226_48_H,H
2227_48_H,H
2228_48_S,S
2229_48_H,H
2230_48_H,H
2231_48_H,H
2232_48_S,S
2233_48_H,H
2234_48_S,S
2235_48_S,S
2236_48_S,S
2237_48_S,S
2238_48_S,S
2239_48_H,H
2240_48_S,S
2241_48_H,H
2242_48_H,H
2243_48_H,H
2244_48_H,H
2245_48_H,H
2246_48_H,H
2247_48_S,S
2248_48_H,H
2249_48_H,H
2250_48_S,S
2251_48_S,S
2252_48_H,H
2253_48_H,H
2254_48_H,H
2255_48_H,H
2256_48_H,H
2257_48_B,B
2258_49_H,H
2259_49_B,B
2260_50_B,B
2261_51_H,H
2262_51_H,H
2263_51_H,H
2264_51_H,H
2265_51_H,H
2266_51_H,H
2267_51_H,H
2268_51_H,H
2269_51_H,H
2270_51_H,H
2271_51_H,H
2272_51_H,H
2273_51_H,H
2274_51_H,H
2275_51_H,H
2276_51_H,H
2277_51_H,H
2278_51_H,H
2279_51_H,H
2280_51_H,H
2281_51_H,H
2282_51_H,H
2283_51_H,H
2284_51_S,S
2285_51_S,S
2286_51_S,S
2287_51_S,S
2288_51_S,S
2289_51_S,S
2290_51_H,H
2291_51_S,S
2292_51_H,H
2293_51_H,H
2294_51_H,H
2295_51_H,H
2296_51_H,H
2297_51_H,H
2298_51_B,B
2299_52_H,H
2300_52_H,H
2301_52_H,H
2302_52_H,H
2303_52_H,H
2304_52_H,H
2305_52_H,H
2306_52_H,H
2307_52_H,H
2308_52_H,H
2309_52_H,H
2310_52_H,H
2311_52_S,S
2312_52_H,H
2313_52_H,H
2314_52_H,H
2315_52_H,H
2316_52_H,H
2317_52_H,H
2318_52_B,B
2319_53_H,H
2320_53_B,B
2321_54_B,B
2322_55_H,H
2323_55_H,H
2324_55_H,H
2325_55_H,H
2326_55_H,H
2327_55_H,H
2328_55_H,H
2329_55_H,H
2330_55_H,H
2331_55_H,H
2332_55_H,H
2333_55_H,H
2334_55_H,H
2335_55_H,H
2336_55_H,H
2337_55_H,H
2338_55_H,H
2339_55_H,H
2340_55_H,H
2341_55_H,H
2342_55_H,H
2343_55_H,H
2344_55_H,H
2345_55_H,H
2346_55_S,S
2347_55_S,S
2348_55_H,H
2349_55_H,H
2350_55_H,H
2351_55_H,H
2352_55_H,H
2353_55_H,H
2354_55_H,H
2355_55_H,H
2356_55_S,S
2357_55_S,S
2358_55_S,S
2359_55_S,S
2360_55_S,S
2361_55_H,H
2362_55_H,H
2363_55_S,S
2364_55_H,H
2365_55_H,H
2366_55_H,H
2367_55_H,H
2368_55_H,H
2369_55_B,B
2370_56_B,B
2371_57_B,B
2372_58_H,H
2373_58_H,H
2374_58_H,H
2375_58_H,H
2376_58_S,S
2377_58_H,H
2378_58_H,H
2379_58_H,H
2380_58_H,H
2381_58_H,H
2382_58_H,H
2383_58_H,H
2384_58_H,H
2385_58_H,H
2386_58_H,H
2387_58_H,H
2388_58_H,H
2389_58_H,H
2390_58_H,H
2391_58_H,H
2392_58_H,H
2393_58_H,H
2394_58_H,H
2395_58_H,H
2396_58_H,H
2397_58_S,S
2398_58_S,S
2399_58_S,S
2400_58_S,S
2401_58_H,H
2402_58_H,H
2403_58_H,H
2404_58_H,H
2405_58_H,H
2406_58_S,S
2407_58_H,H
2408_58_H,H
2409_58_H,H
2410_58_H,H
2411_58_H,H
2412_58_H,H
2413_58_H,H
2414_58_H,H
2415_58_H,H
2416_58_H,H
2417_58_H,H
2418_58_H,H
2419_58_H,H
2420_58_H,H
2421_58_H,H
2422_58_H,H
2423_58_H,H
2424_58_H,H
2425_58_H,H
2426_58_B,B
2427_59_B,B
2428_60_B,B
2429_61_H,H
2430_61_B,B
2431_62_H,H
2432_62_H,H
2433_62_H,H
2434_62_H,H
2435_62_H,H
2436_62_S,S
2437_62_H,H
2438_62_S,S
2439_62_S,S
2440_62_S,S
2441_62_S,S
2442_62_S,S
2443_62_S,S
2444_62_H,H
2445_62_H,H
2446_62_H,H
2447_62_H,H
2448_62_H,H
2449_62_H,H
2450_62_H,H
2451_62_H,H
2452_62_H,H
2453_62_H,H
2454_62_H,H
2455_62_H,H
2456_62_H,H
2457_62_H,H
2458_62_H,H
2459_62_H,H
2460_62_H,H
2461_62_H,H
2462_62_H,H
2463_62_H,H
2464_62_H,H
2465_62_H,H
2466_62_H,H
2467_62_S,S
2468_62_H,H
2469_62_H,H
2470_62_H,H
2471_62_H,H
2472_62_H,H
2473_62_H,H
2474_62_H,H
2475_62_H,H
2476_62_H,H
2477_62_H,H
2478_62_H,H
2479_62_H,H
2480_62_H,H
2481_62_H,H
2482_62_H,H
2483_62_H,H
2484_62_H,H
2485_62_H,H
2486_62_H,H
2487_62_H,H
2488_62_H,H
2489_62_H,H
2490_62_S,S
2491_62_H,H
2492_62_H,H
2493_62_H,H
2494_62_H,H
2495_62_H,H
2496_62_H,H
2497_62_H,H
2498_62_H,H
2499_62_H,H
2500_62_H,H
2501_62_H,H
2502_62_H,H
2503_62_H,H
2504_62_H,H
2505_62_H,H
2506_62_H,H
2507_62_H,H
2508_62_H,H
2509_62_H,H
2510_62_H,H
2511_62_H,H
2512_62_H,H
2513_62_H,H
2514_62_H,H
2515_62_B,B
2516_63_B,B
2517_64_H,H
2518_64_H,H
2519_64_H,H
2520_64_B,B
2521_65_H,H
2522_65_B,B
2523_66_H,H
2524_66_H,H
2525_66_H,H
2526_66_H,H
2527_66_H,H
2528_66_H,H
2529_66_S,S
2530_66_S,S
2531_66_S,S
2532_66_S,S
2533_66_H,H
2534_66_H,H
2535_66_H,H
2536_66_H,H
2537_66_H,H
2538_66_H,H
2539_66_H,H
2540_66_H,H
2541_66_S,S
2542_66_H,H
2543_66_H,H
2544_66_H,H
2545_66_S,S
2546_66_S,S
2547_66_S,S
2548_66_H,H
2549_66_H,H
2550_66_H,H
2551_66_H,H
2552_66_H,H
2553_66_H,H
2554_66_H,H
2555_66_H,H
2556_66_H,H
2557_66_H,H
2558_66_H,H
2559_66_H,H
2560_66_H,H
2561_66_H,H
2562_66_H,H
2563_66_H,H
2564_66_H,H
2565_66_H,H
2566_66_H,H
2567_66_H,H
2568_66_S,S
2569_66_H,H
2570_66_H,H
2571_66_H,H
2572_66_H,H
2573_66_H,H
2574_66_H,H
2575_66_H,H
2576_66_H,H
2577_66_H,H
2578_66_H,H
2579_66_H,H
2580_66_H,H
2581_66_H,H
2582_66_S,S
2583_66_S,S
2584_66_S,S
2585_66_S,S
2586_66_S,S
2587_66_S,S
2588_66_S,S
2589_66_S,S
2590_66_S,S
2591_66_S,S
2592_66_S,S
2593_66_S,S
2594_66_H,H
2595_66_H,H
2596_66_H,H
2597_66_H,H
2598_66_H,H
2599_66_H,H
2600_66_H,H
2601_66_H,H
2602_66_H,H
2603_66_H,H
2604_66_H,H
2605_66_S,S
2606_66_H,H
2607_66_S,S
2608_66_H,H
2609_66_S,S
2610_66_H,H
2611_66_H,H
